ModelID;ParameterEstimate
1;2.38645481035342
1;2.31504184727032
1;3.26436523375044
1;0
1;0
1;0.82123740043022
1;0
1;0
1;0.65863083464562
1;0.74787371044178
1;0
1;0
1;0
1;0
1;0.52581483133394
1;0
1;0
1;0
1;0
1;0.35134918129094
1;0.35742610763306
1;0
1;0
1;0
1;0
1;0
1;0
1;0.59320553352363
1;0
1;0
1;0
1;0
1;0
1;0
1;0.44178239380421
1;0.5333882876023
1;0
1;0
1;0
1;0
1;0
1;0
1;0
1;0
1;0.52997052787245
1;0
1;0
1;0
1;0
1;0
1;0
1;0
1;0
1;0.42433464483796
1;0.56636749770633
1;-0.0975901017609
1;-0.0998808647722
1;0
1;0
1;0
1;0
1;0
1;0
1;0
1;0
1;0.00410584932931
1;-0.0961225787663
1;-0.118529474671
1;0
1;0
1;0
1;0
1;0
1;0
1;0
1;0
1;0.00414714157441
1;0.00460267024358
1;0
1;0
1;-0.0335059305168
1;-0.0288882795654
1;0
1;0
1;0
1;0
1;0
1;0
1;0
1;0
1;0.00142007436602
1;0
1;0
1;-0.0299815228457
1;-0.030826007103
1;0
1;0
1;0
1;0
1;0
1;0
1;0
1;0
1;0.00131502287503
1;0.00133582551782
1;0
1;0
1;0
1;0
1;-0.0211439212834
1;-0.015513917559
1;0
1;0
1;0
1;0
1;0
1;0
1;0
1;0
1;0.00089293512705
1;0
1;0
1;0
1;0
1;-0.0173106689559
1;-0.0157569202594
1;0
1;0
1;0
1;0
1;0
1;0
1;0
1;0
1;0.00076435724166
1;0.0007346543932
1;0
1;0
1;0
1;0
1;0
1;0
1;-0.0251272760642
1;-0.0204238252514
1;0
1;0
1;0
1;0
1;0
1;0
1;0
1;0
1;0.00111533039498
1;0
1;0
1;0
1;0
1;0
1;0
1;-0.0215326195202
1;-0.022515377944
1;0
1;0
1;0
1;0
1;0
1;0
1;0
1;0
1;0.00099546397605
1;0.0010216952566
1;0
1;0
1;0
1;0
1;0
1;0
1;0
1;0
1;-0.0232058939284
1;-0.0199904507244
1;0
1;0
1;0
1;0
1;0
1;0
1;0
1;0
1;0.00105655674483
1;0
1;0
1;0
1;0
1;0
1;0
1;0
1;0
1;-0.020788604173
1;-0.0234224880361
1;0
1;0
1;0
1;0
1;0
1;0
1;0
1;0
1;0.00097935337688
1;0.00105144703925
1;0.00095514343242
1;0.00102803863987
1;0
1;0
1;0
1;0
1;0
1;0
1;0
1;0
1;-0.0000412089968
1;-0.0000426850708
1;0
1;0
1;0
1;0
1;0
1;0
1;0
1;0
1;4.24149721659E-7
1;0
1;0
1;0.00032122973134
1;0.00029735095948
1;0
1;0
1;0
1;0
1;0
1;0
1;0
1;0
1;-0.0000140894926
1;-0.0000135357079
1;0
1;0
1;0
1;0
1;0
1;0
1;0
1;1.45025048636E-7
1;0
1;0
1;0
1;0
1;0.00019724631384
1;0.00015898250054
1;0
1;0
1;0
1;0
1;0
1;0
1;0
1;0
1;-8.7094640165E-6
1;-7.8329296985E-6
1;0
1;0
1;0
1;0
1;0
1;0
1;8.92522705799E-8
1;0
1;0
1;0
1;0
1;0
1;0
1;0.00023822093525
1;0.00021190560696
1;0
1;0
1;0
1;0
1;0
1;0
1;0
1;0
1;-0.0000110130753
1;-0.0000103283491
1;0
1;0
1;0
1;0
1;0
1;1.14265196127E-7
1;0
1;0
1;0
1;0
1;0
1;0
1;0
1;0
1;0.00023483239368
1;0.00021738976477
1;0
1;0
1;0
1;0
1;0
1;0
1;0
1;0
1;-0.0000110629793
1;-0.0000106501551
1;0
1;0
1;0
1;0
1;1.20306365373E-7
2;3.38683646540656
2;3.35138973228983
2;3.35542883963633
2;0
2;0
2;0.81840115174148
2;0
2;0
2;0.79430166861603
2;0.79181439234703
2;0
2;0
2;0
2;0
2;0.39365360713523
2;0
2;0
2;0
2;0
2;0.38680820472791
2;0.39857134685621
2;0
2;0
2;0
2;0
2;0
2;0
2;0.55394209958692
2;0
2;0
2;0
2;0
2;0
2;0
2;0.53813728098262
2;0.55089450673959
2;0
2;0
2;0
2;0
2;0
2;0
2;0
2;0
2;0.58279543589297
2;0
2;0
2;0
2;0
2;0
2;0
2;0
2;0
2;0.57105668336532
2;0.57786878482157
2;-0.0075092185066
2;0.00040205851379
2;0
2;0
2;0
2;0
2;0
2;0
2;0
2;0
2;0.53469584918312
2;0
2;0
2;0.00423633081144
2;0.00706335058976
2;0
2;0
2;0
2;0
2;0
2;0
2;0
2;0.14556850010142
2;0
2;0
2;0
2;0
2;-0.0263057110325
2;-0.0229569491236
2;0
2;0
2;0
2;0
2;0
2;0
2;0.03575359593658
2;0
2;0
2;0
2;0
2;0
2;0
2;-0.0312664855855
2;-0.0242909536391
2;0
2;0
2;0
2;0
2;0
2;0.09972174638561
2;0
2;0
2;0
2;0
2;0
2;0
2;0
2;0
2;-0.0194729954283
2;-0.0145004097372
2;0
2;0
2;0
2;0
2;0.09022661955738
2;-0.9552848523189
2;-0.990795594414
2;0
2;0
2;0
2;0
2;0
2;0
2;0
2;0
2;0.01624767710232
2;0
2;0
2;0
2;0
2;1.09721172118227
2;0
2;0
2;-0.0712876967477
2;-0.092180681196
2;0
2;0
2;0
2;0
2;0
2;0
2;0
2;0.00850939564068
2;0
2;0
2;0
2;0
2;0.28856344447707
2;0
2;0
2;0
2;0
2;-0.0101836938811
2;-0.0245397000126
2;0
2;0
2;0
2;0
2;0
2;0
2;0.0069623587623
2;0
2;0
2;0
2;0
2;0.20485895871246
2;0
2;0
2;0
2;0
2;0
2;0
2;-0.0851750190462
2;-0.1101254904387
2;0
2;0
2;0
2;0
2;0
2;0.01426343034508
2;0
2;0
2;0
2;0
2;0.27189523115295
2;0
2;0
2;0
2;0
2;0
2;0
2;0
2;0
2;-0.1365212952201
2;-0.150245803951
2;0
2;0
2;0
2;0
2;0.00694989183956
2;0
2;0
2;0
2;0
2;0.26747646189565
2;-0.1033457577881
2;-0.1018855344426
2;0
2;0
2;0
2;0
2;0
2;0
2;0
2;0
2;-0.0005740863783
2;0
2;0
2;0
2;0
2;0.00085099209232
2;0
2;0
2;0
2;0
2;0.00424979723062
2;-0.1221028825033
2;-0.1212524102152
2;0
2;0
2;0
2;0
2;0
2;0
2;0
2;0
2;-0.0001559009732
2;0
2;0
2;0
2;0
2;0.02243570512148
2;0
2;0
2;0
2;0
2;0.00426034684024
2;0.00471441436449
2;0
2;0
2;-0.031865512656
2;-0.0306929572701
2;0
2;0
2;0
2;0
2;0
2;0
2;0
2;-0.0005801362522
2;0
2;0
2;0
2;0
2;-0.0061011327544
2;0
2;0
2;0
2;0
2;0
2;0.00156873844003
2;0
2;0
2;-0.0335135638044
2;-0.0326893328571
2;0
2;0
2;0
2;0
2;0
2;0
2;0
2;-0.0003617051257
2;0
2;0
2;0
2;0
2;0.00007980233623
2;0
2;0
2;0
2;0
2;0
2;0.00143533643606
2;0.00144284399175
2;0
2;0
2;0
2;0
2;-0.016555808778
2;-0.0161533054277
2;0
2;0
2;0
2;0
2;0
2;0
2;0.00064006630978
2;0
2;0
2;0
2;0
2;-0.006033016164
2;0
2;0
2;0
2;0
2;0
2;0
2;0.00093652049284
2;0
2;0
2;0
2;0
2;-0.0168947370732
2;-0.0167146512608
2;0
2;0
2;0
2;0
2;0
2;0
2;0.0007779070307
2;0
2;0
2;0
2;0
2;-0.0015146201269
2;0
2;0
2;0
2;0
2;0
2;0
2;0.00080050025036
2;0.00077191179663
2;0
2;0
2;0
2;0
2;0
2;0
2;-0.0210433425405
2;-0.0202039267952
2;0
2;0
2;0
2;0
2;0
2;0.00045106764936
2;0
2;0
2;0
2;0
2;-0.0054298626658
2;0
2;0
2;0
2;0
2;0
2;0
2;0
2;0.00114507933288
2;0
2;0
2;0
2;0
2;0
2;0
2;-0.0230554627084
2;-0.0226137792669
2;0
2;0
2;0
2;0
2;0
2;0.00075650041751
2;0
2;0
2;0
2;0
2;0.00075962210833
2;0
2;0
2;0
2;0
2;0
2;0
2;0
2;0.00101272216069
2;0.00103555109331
2;0
2;0
2;0
2;0
2;0
2;0
2;0
2;0
2;-0.0205098108922
2;-0.0199725627006
2;0
2;0
2;0
2;0
2;0.00030180323485
2;0
2;0
2;0
2;0
2;-0.0038615268788
2;0
2;0
2;0
2;0
2;0
2;0
2;0
2;0
2;0.00108701739417
2;0
2;0
2;0
2;0
2;0
2;0
2;0
2;0
2;-0.0238513409117
2;-0.0235476733969
2;0
2;0
2;0
2;0
2;0.00048698675041
2;0
2;0
2;0
2;0
2;0.00238756628113
2;0
2;0
2;0
2;0
2;0
2;0
2;0
2;0
2;0.00099615074933
2;0.00106312628782
2;0.00105440949446
2;0.00104639325132
2;0
2;0
2;0
2;0
2;0
2;0
2;0
2;0
2;2.00929938008E-6
2;0
2;0
2;0
2;0
2;-0.00006613369
2;0
2;0
2;0
2;0
2;-0.0000422613529
2;-0.0000435716193
2;0
2;0
2;0
2;0
2;0
2;0
2;0
2;0
2;4.3228771791E-7
2;0
2;0
2;0.00032265797679
2;0.0003145831884
2;0
2;0
2;0
2;0
2;0
2;0
2;0
2;3.52075822364E-6
2;0
2;0
2;0
2;0
2;0.00003344701679
2;0
2;0
2;0
2;0
2;0
2;-0.0000153141773
2;-0.0000145788381
2;0
2;0
2;0
2;0
2;0
2;0
2;0
2;1.556882476E-7
2;0
2;0
2;0
2;0
2;0.00016746826991
2;0.00016541217807
2;0
2;0
2;0
2;0
2;0
2;0
2;-5.8813694604E-6
2;0
2;0
2;0
2;0
2;0.0000398959233
2;0
2;0
2;0
2;0
2;0
2;0
2;-9.0254572028E-6
2;-8.117378383E-6
2;0
2;0
2;0
2;0
2;0
2;0
2;9.15403920331E-8
2;0
2;0
2;0
2;0
2;0
2;0
2;0.00021598835127
2;0.0002113787098
2;0
2;0
2;0
2;0
2;0
2;-4.7985216993E-6
2;0
2;0
2;0
2;0
2;0.00002990107415
2;0
2;0
2;0
2;0
2;0
2;0
2;0
2;-0.000011181155
2;-0.0000104324655
2;0
2;0
2;0
2;0
2;0
2;1.15179788953E-7
2;0
2;0
2;0
2;0
2;0
2;0
2;0
2;0
2;0.00022052749216
2;0.00021729359663
2;0
2;0
2;0
2;0
2;-3.4251380771E-6
2;0
2;0
2;0
2;0
2;0.00002176935917
2;0
2;0
2;0
2;0
2;0
2;0
2;0
2;0
2;-0.0000112545635
2;-0.000010744281
2;0
2;0
2;0
2;0
2;1.21397498151E-7
3;4.03096002318305
3;3.90780070791028
3;3.85598646472428
3;3.86768219477179
3;3.78928663472334
3;3.78373314557076
3;3.9617552037635
3;3.87995013647684
3;3.841840318816
3;4.04641230170986
3;0
3;0
3;0
3;0
3;1.06391509158612
3;0
3;0
3;0
3;0
3;0.97623129140616
3;0.95290559283121
3;0
3;0
3;0
3;0
3;0.95117804483877
3;0.9093494932135
3;0.89603486860488
3;0
3;0
3;0
3;0
3;1.00398223152243
3;0.95836699945427
3;0.93393350791256
3;1.005022278945
3;0
3;0
3;0
3;0
3;0
3;0
3;0
3;0
3;0.49914413296386
3;0
3;0
3;0
3;0
3;0
3;0
3;0
3;0
3;0.44506693809261
3;0.44880286802371
3;0
3;0
3;0
3;0
3;0
3;0
3;0
3;0
3;0.41614302214381
3;0.40166707271359
3;0.38405743904614
3;0
3;0
3;0
3;0
3;0
3;0
3;0
3;0
3;0.4313871586498
3;0.41628620215575
3;0.38972802211164
3;0.4128115641431
3;0
3;0
3;0
3;0
3;0
3;0
3;0
3;0
3;0
3;0
3;0
3;0
3;0.82451874529181
3;0
3;0
3;0
3;0
3;0
3;0
3;0
3;0
3;0
3;0
3;0
3;0
3;0.71810805251825
3;0.72124289623317
3;0
3;0
3;0
3;0
3;0
3;0
3;0
3;0
3;0
3;0
3;0
3;0
3;0.65672196339293
3;0.63079187410786
3;0.59060667171762
3;0
3;0
3;0
3;0
3;0
3;0
3;0
3;0
3;0
3;0
3;0
3;0
3;0.69140257221231
3;0.66311751610646
3;0.60751135780815
3;0.65956621100765
3;0
3;0
3;0
3;0
3;0
3;0
3;0
3;0
3;0
3;0
3;0
3;0
3;0
3;0
3;0
3;0
3;0.74693272158573
3;0
3;0
3;0
3;0
3;0
3;0
3;0
3;0
3;0
3;0
3;0
3;0
3;0
3;0
3;0
3;0
3;0.68503866128234
3;0.68810195127691
3;0
3;0
3;0
3;0
3;0
3;0
3;0
3;0
3;0
3;0
3;0
3;0
3;0
3;0
3;0
3;0
3;0.64342468264889
3;0.62737323531565
3;0.59903539226973
3;0
3;0
3;0
3;0
3;0
3;0
3;0
3;0
3;0
3;0
3;0
3;0
3;0
3;0
3;0
3;0
3;0.67199052353984
3;0.65402494321438
3;0.61516116880518
3;0.66191676257378
3;-1.0301693362451
3;-1.0471552459646
3;-1.0637161695855
3;-1.0807997830629
3;0
3;0
3;0
3;0
3;0
3;0
3;0
3;0
3;0
3;0
3;0
3;0
3;0
3;0
3;0
3;0
3;1.1736517373148
3;0
3;0
3;0
3;0
3;-0.0838090356016
3;-0.0894761525982
3;-0.0925780157713
3;-0.0942839798877
3;0
3;0
3;0
3;0
3;0
3;0
3;0
3;0
3;0
3;0
3;0
3;0
3;0
3;0.29209813244932
3;0
3;0
3;0
3;0
3;0
3;0
3;0
3;0
3;0.00707035531188
3;-0.0000544310211
3;-0.0025835014788
3;0.00093602903399
3;0
3;0
3;0
3;0
3;0
3;0
3;0
3;0
3;0
3;0
3;0.18788728572135
3;0
3;0
3;0
3;0
3;0
3;0
3;0
3;0
3;0
3;0
3;0
3;0
3;-0.0586827721536
3;-0.0699052535064
3;-0.0777220119142
3;-0.0687220388416
3;0
3;0
3;0
3;0
3;0
3;0
3;0
3;0.24886071085691
3;0
3;0
3;0
3;0
3;0
3;0
3;0
3;0
3;0
3;0
3;0
3;0
3;0
3;0
3;0
3;0
3;-0.1281225916122
3;-0.1353946164697
3;-0.1386239971464
3;-0.1362575553211
3;0
3;0
3;0
3;0
3;0.2622528570717
3;-0.1221965889861
3;-0.118505842364
3;-0.1163697670324
3;-0.1187067952998
3;0
3;0
3;0
3;0
3;0
3;0
3;0
3;0
3;0
3;0
3;0
3;0
3;0
3;0
3;0
3;0
3;0.00092120955874
3;0
3;0
3;0
3;0
3;0.00486203711105
3;-0.1423101289925
3;-0.1390470041255
3;-0.1372481471652
3;-0.1401235731054
3;0
3;0
3;0
3;0
3;0
3;0
3;0
3;0
3;0
3;0
3;0
3;0
3;0
3;0
3;0
3;0
3;0.02440625281523
3;0
3;0
3;0
3;0
3;0.0048602753762
3;0.00535032477405
3;0
3;0
3;0
3;0
3;-0.0379099449863
3;-0.036032690457
3;-0.0349533105925
3;-0.0365948285846
3;0
3;0
3;0
3;0
3;0
3;0
3;0
3;0
3;0
3;0
3;0
3;0
3;0
3;-0.0059911071087
3;0
3;0
3;0
3;0
3;0
3;0.00173395442077
3;0
3;0
3;0
3;0
3;-0.0396700264704
3;-0.037976418778
3;-0.0369656230652
3;-0.0387312532108
3;0
3;0
3;0
3;0
3;0
3;0
3;0
3;0
3;0
3;0
3;0
3;0
3;0
3;0.00039650377469
3;0
3;0
3;0
3;0
3;0
3;0.00159615296408
3;0.00160706170319
3;0
3;0
3;0
3;0
3;0
3;0
3;0
3;0
3;-0.0190545227718
3;-0.0181924565934
3;-0.017008102236
3;-0.0176116159977
3;0
3;0
3;0
3;0
3;0
3;0
3;0
3;0
3;0
3;0
3;-0.0060995811518
3;0
3;0
3;0
3;0
3;0
3;0
3;0.00099168934011
3;0
3;0
3;0
3;0
3;0
3;0
3;0
3;0
3;-0.0188934956592
3;-0.0182432221895
3;-0.0171233361564
3;-0.0177139887168
3;0
3;0
3;0
3;0
3;0
3;0
3;0
3;0
3;0
3;0
3;-0.0018607007589
3;0
3;0
3;0
3;0
3;0
3;0
3;0.00085057493983
3;0.00081272463465
3;0
3;0
3;0
3;0
3;0
3;0
3;0
3;0
3;0
3;0
3;0
3;0
3;-0.0280242424372
3;-0.0264731878053
3;-0.023939609924
3;-0.0253238665259
3;0
3;0
3;0
3;0
3;0
3;0
3;0
3;-0.0056706520828
3;0
3;0
3;0
3;0
3;0
3;0
3;0
3;0.00133808869539
3;0
3;0
3;0
3;0
3;0
3;0
3;0
3;0
3;0
3;0
3;0
3;0
3;-0.0291755450326
3;-0.0279850030912
3;-0.0256411484565
3;-0.0269457935174
3;0
3;0
3;0
3;0
3;0
3;0
3;0
3;0.00015202874102
3;0
3;0
3;0
3;0
3;0
3;0
3;0
3;0.00119300427953
3;0.00119808724665
3;0
3;0
3;0
3;0
3;0
3;0
3;0
3;0
3;0
3;0
3;0
3;0
3;0
3;0
3;0
3;0
3;-0.0243040367364
3;-0.0233611919348
3;-0.0216966018871
3;-0.0227030694617
3;0
3;0
3;0
3;0
3;-0.0040309501713
3;0
3;0
3;0
3;0
3;0
3;0
3;0
3;0
3;0.00117634148785
3;0
3;0
3;0
3;0
3;0
3;0
3;0
3;0
3;0
3;0
3;0
3;0
3;0
3;0
3;0
3;0
3;-0.0272854504614
3;-0.0265970835538
3;-0.0249927403746
3;-0.0259811612379
3;0
3;0
3;0
3;0
3;0.00220111298231
3;0
3;0
3;0
3;0
3;0
3;0
3;0
3;0
3;0.00107560221303
3;0.00113468600845
3;0.00122321466045
3;0.00119111843867
3;0.00117146227848
3;0.00118742774355
3;0
3;0
3;0
3;0
3;0
3;0
3;0
3;0
3;0
3;0
3;0
3;0
3;0
3;0
3;0
3;0
3;-0.0000681043396
3;0
3;0
3;0
3;0
3;-0.0000475759149
3;-0.00004882777
3;0
3;0
3;0
3;0
3;0
3;0
3;0
3;0
3;4.78315025446E-7
3;0
3;0
3;0
3;0
3;0.00037296644735
3;0.00035735914921
3;0.00034730961793
3;0.00035949715774
3;0
3;0
3;0
3;0
3;0
3;0
3;0
3;0
3;0
3;0
3;0
3;0
3;0
3;0.00003476753028
3;0
3;0
3;0
3;0
3;0
3;-0.0000166831592
3;-0.0000158605905
3;0
3;0
3;0
3;0
3;0
3;0
3;0
3;1.66662721641E-7
3;0
3;0
3;0
3;0
3;0
3;0
3;0
3;0
3;0.00018906851784
3;0.00018222625459
3;0.00017144891913
3;0.00017613944601
3;0
3;0
3;0
3;0
3;0
3;0
3;0
3;0
3;0
3;0
3;0.00004175612857
3;0
3;0
3;0
3;0
3;0
3;0
3;-9.5230459056E-6
3;-8.5477144812E-6
3;0
3;0
3;0
3;0
3;0
3;0
3;9.59293333386E-8
3;0
3;0
3;0
3;0
3;0
3;0
3;0
3;0
3;0
3;0
3;0
3;0
3;0.00027619375815
3;0.00026395193262
3;0.00024168827555
3;0.00025199127992
3;0
3;0
3;0
3;0
3;0
3;0
3;0
3;0.00003418582047
3;0
3;0
3;0
3;0
3;0
3;0
3;0
3;-0.0000128842042
3;-0.0000119862322
3;0
3;0
3;0
3;0
3;0
3;1.30030600091E-7
3;0
3;0
3;0
3;0
3;0
3;0
3;0
3;0
3;0
3;0
3;0
3;0
3;0
3;0
3;0
3;0
3;0.00025038298746
3;0.00024318226692
3;0.00022817556723
3;0.00023577663104
3;0
3;0
3;0
3;0
3;0.00002470238785
3;0
3;0
3;0
3;0
3;0
3;0
3;0
3;0
3;-0.0000119123073
3;-0.0000112853568
3;0
3;0
3;0
3;0
3;1.25543856854E-7
4;3.58330547304976
4;3.5476299124534
4;3.60071634270788
4;3.46991538069373
4;3.47113111054402
4;3.43077162585449
4;3.52959409987386
4;3.53755330318698
4;3.45463503783396
4;3.55548400105303
4;0
4;0
4;0
4;0
4;0.86962200719316
4;0
4;0
4;0
4;0
4;0.87623751857138
4;0.92043264615198
4;0
4;0
4;0
4;0
4;0.82770646912817
4;0.85237678147368
4;0.82593730875859
4;0
4;0
4;0
4;0
4;0.86133847463121
4;0.89042643944095
4;0.83856296994117
4;0.88984696548609
4;0
4;0
4;0
4;0
4;0
4;0
4;0
4;0
4;0.38669081156595
4;0
4;0
4;0
4;0
4;0
4;0
4;0
4;0
4;0.3723564066867
4;0.38378717935235
4;0
4;0
4;0
4;0
4;0
4;0
4;0
4;0
4;0.36305440152412
4;0.36542543885516
4;0.37681891837469
4;0
4;0
4;0
4;0
4;0
4;0
4;0
4;0
4;0.37301274920259
4;0.37662345989551
4;0.36649614300759
4;0.38869696100262
4;0
4;0
4;0
4;0
4;0
4;0
4;0
4;0
4;0
4;0
4;0
4;0
4;0.56263938934543
4;0
4;0
4;0
4;0
4;0
4;0
4;0
4;0
4;0
4;0
4;0
4;0
4;0.54648321463727
4;0.57318556372261
4;0
4;0
4;0
4;0
4;0
4;0
4;0
4;0
4;0
4;0
4;0
4;0
4;0.52666496683916
4;0.53284026150605
4;0.53739129882979
4;0
4;0
4;0
4;0
4;0
4;0
4;0
4;0
4;0
4;0
4;0
4;0
4;0.5469191683688
4;0.55646387088996
4;0.53461530875389
4;0.59106621211389
4;0
4;0
4;0
4;0
4;0
4;0
4;0
4;0
4;0
4;0
4;0
4;0
4;0
4;0
4;0
4;0
4;0.60905115156669
4;0
4;0
4;0
4;0
4;0
4;0
4;0
4;0
4;0
4;0
4;0
4;0
4;0
4;0
4;0
4;0
4;0.59728931587052
4;0.6211530013476
4;0
4;0
4;0
4;0
4;0
4;0
4;0
4;0
4;0
4;0
4;0
4;0
4;0
4;0
4;0
4;0
4;0.57849672853194
4;0.58476491505694
4;0.58133957632139
4;0
4;0
4;0
4;0
4;0
4;0
4;0
4;0
4;0
4;0
4;0
4;0
4;0
4;0
4;0
4;0
4;0.59589160706851
4;0.6037050370307
4;0.58406688374618
4;0.62083971852162
4;-0.9328804448591
4;-0.9323151306856
4;-0.9595971962343
4;-0.9322045374461
4;0
4;0
4;0
4;0
4;0
4;0
4;0
4;0
4;0
4;0
4;0
4;0
4;0
4;0
4;0
4;0
4;1.06973834518593
4;0
4;0
4;0
4;0
4;-0.0653843585317
4;-0.0660994732373
4;-0.0855880228735
4;-0.0664180319144
4;0
4;0
4;0
4;0
4;0
4;0
4;0
4;0
4;0
4;0
4;0
4;0
4;0
4;0.28343068103255
4;0
4;0
4;0
4;0
4;0
4;0
4;0
4;0
4;0.00087839244861
4;0.0008879235665
4;-0.0131492576265
4;-0.0020731293193
4;0
4;0
4;0
4;0
4;0
4;0
4;0
4;0
4;0
4;0
4;0.19473579701953
4;0
4;0
4;0
4;0
4;0
4;0
4;0
4;0
4;0
4;0
4;0
4;0
4;-0.073235941331
4;-0.0721729868971
4;-0.0969198634604
4;-0.0792374257738
4;0
4;0
4;0
4;0
4;0
4;0
4;0
4;0.26121324259462
4;0
4;0
4;0
4;0
4;0
4;0
4;0
4;0
4;0
4;0
4;0
4;0
4;0
4;0
4;0
4;0
4;-0.1315610649888
4;-0.1336864992341
4;-0.1429941822312
4;-0.1378858712377
4;0
4;0
4;0
4;0
4;0.25859136552934
4;-0.1103014828826
4;-0.1099610405227
4;-0.1070286377181
4;-0.1094270669857
4;0
4;0
4;0
4;0
4;0
4;0
4;0
4;0
4;0
4;0
4;0
4;0
4;0
4;0
4;0
4;0
4;0.00080330813301
4;0
4;0
4;0
4;0
4;0.00449825573242
4;-0.1287827297746
4;-0.1285556190149
4;-0.1259214952618
4;-0.1280532551423
4;0
4;0
4;0
4;0
4;0
4;0
4;0
4;0
4;0
4;0
4;0
4;0
4;0
4;0
4;0
4;0
4;0.02180838932983
4;0
4;0
4;0
4;0
4;0.004515619098
4;0.00496546885513
4;0
4;0
4;0
4;0
4;-0.0339221462233
4;-0.0347477464312
4;-0.0325239151527
4;-0.0342397055879
4;0
4;0
4;0
4;0
4;0
4;0
4;0
4;0
4;0
4;0
4;0
4;0
4;0
4;-0.006210256752
4;0
4;0
4;0
4;0
4;0
4;0.00166350868525
4;0
4;0
4;0
4;0
4;-0.035532281508
4;-0.0364474139496
4;-0.0344884725654
4;-0.035933957396
4;0
4;0
4;0
4;0
4;0
4;0
4;0
4;0
4;0
4;0
4;0
4;0
4;0
4;-0.0001280844128
4;0
4;0
4;0
4;0
4;0
4;0.0015321928657
4;0.00154026610664
4;0
4;0
4;0
4;0
4;0
4;0
4;0
4;0
4;-0.0163826276996
4;-0.0164186628321
4;-0.0157756488868
4;-0.0163908407716
4;0
4;0
4;0
4;0
4;0
4;0
4;0
4;0
4;0
4;0
4;-0.0061394274229
4;0
4;0
4;0
4;0
4;0
4;0
4;0.00093842098177
4;0
4;0
4;0
4;0
4;0
4;0
4;0
4;0
4;-0.0164897986435
4;-0.016587922929
4;-0.0161275707885
4;-0.0166103644505
4;0
4;0
4;0
4;0
4;0
4;0
4;0
4;0
4;0
4;0
4;-0.0018108580744
4;0
4;0
4;0
4;0
4;0
4;0
4;0.00080118994326
4;0.00076792735751
4;0
4;0
4;0
4;0
4;0
4;0
4;0
4;0
4;0
4;0
4;0
4;0
4;-0.0213852684802
4;-0.021559611734
4;-0.0202691440246
4;-0.0214314168112
4;0
4;0
4;0
4;0
4;0
4;0
4;0
4;-0.0055652079408
4;0
4;0
4;0
4;0
4;0
4;0
4;0
4;0.00116349756851
4;0
4;0
4;0
4;0
4;0
4;0
4;0
4;0
4;0
4;0
4;0
4;0
4;-0.0231817686897
4;-0.023436560089
4;-0.022471712238
4;-0.0234348382985
4;0
4;0
4;0
4;0
4;0
4;0
4;0
4;0.00040075424447
4;0
4;0
4;0
4;0
4;0
4;0
4;0
4;0.00103195734864
4;0.00105126255814
4;0
4;0
4;0
4;0
4;0
4;0
4;0
4;0
4;0
4;0
4;0
4;0
4;0
4;0
4;0
4;0
4;-0.0214202534873
4;-0.0215031935631
4;-0.0206283469044
4;-0.0213636839001
4;0
4;0
4;0
4;0
4;-0.0037337528178
4;0
4;0
4;0
4;0
4;0
4;0
4;0
4;0
4;0.00112061466923
4;0
4;0
4;0
4;0
4;0
4;0
4;0
4;0
4;0
4;0
4;0
4;0
4;0
4;0
4;0
4;0
4;-0.02467741396
4;-0.0248468233344
4;-0.0240838309122
4;-0.0247968012847
4;0
4;0
4;0
4;0
4;0.002326982447
4;0
4;0
4;0
4;0
4;0
4;0
4;0
4;0
4;0.00103443044947
4;0.00110218049333
4;0.00111932952283
4;0.00111067448078
4;0.00109445120051
4;0.00110762562253
4;0
4;0
4;0
4;0
4;0
4;0
4;0
4;0
4;0
4;0
4;0
4;0
4;0
4;0
4;0
4;0
4;-0.0000663382582
4;0
4;0
4;0
4;0
4;-0.0000445926904
4;-0.0000459554299
4;0
4;0
4;0
4;0
4;0
4;0
4;0
4;0
4;4.55579242289E-7
4;0
4;0
4;0
4;0
4;0.00034062324883
4;0.00034551177865
4;0.00033007235623
4;0.00034224092744
4;0
4;0
4;0
4;0
4;0
4;0
4;0
4;0
4;0
4;0
4;0
4;0
4;0
4;0.00003459515894
4;0
4;0
4;0
4;0
4;0
4;-0.000016139013
4;-0.0000154121393
4;0
4;0
4;0
4;0
4;0
4;0
4;0
4;1.63302953744E-7
4;0
4;0
4;0
4;0
4;0
4;0
4;0
4;0
4;0.00016651587655
4;0.00016617374369
4;0.0001625986098
4;0.00016652150276
4;0
4;0
4;0
4;0
4;0
4;0
4;0
4;0
4;0
4;0
4;0.00004112345919
4;0
4;0
4;0
4;0
4;0
4;0
4;-9.0736502162E-6
4;-8.1482450154E-6
4;0
4;0
4;0
4;0
4;0
4;0
4;9.24431573686E-8
4;0
4;0
4;0
4;0
4;0
4;0
4;0
4;0
4;0
4;0
4;0
4;0
4;0.00021887531156
4;0.00021832819292
4;0.00021138870915
4;0.00021863487574
4;0
4;0
4;0
4;0
4;0
4;0
4;0
4;0.00003118000206
4;0
4;0
4;0
4;0
4;0
4;0
4;0
4;-0.0000113217031
4;-0.0000105739493
4;0
4;0
4;0
4;0
4;0
4;1.16537142096E-7
4;0
4;0
4;0
4;0
4;0
4;0
4;0
4;0
4;0
4;0
4;0
4;0
4;0
4;0
4;0
4;0
4;0.00022941762455
4;0.00022857427432
4;0.00022349795724
4;0.00022838787939
4;0
4;0
4;0
4;0
4;0.00002086814113
4;0
4;0
4;0
4;0
4;0
4;0
4;0
4;0
4;-0.0000115869818
4;-0.000011112453
4;0
4;0
4;0
4;0
4;1.24969302789E-7
