"","species","effect","estimate"
"1","Pinusbanksiana","(Intercept)",2.30679303465473
"2","Pinusbanksiana","DBH.x",-0.0408438826540073
"3","Pinusbanksiana","BAL",-0.0582648109393299
"4","Pinusbanksiana","dt",0.0705989457821644
"5","Pinusbanksiana","MeanTminJanuary",0.0719514671003767
"6","Pinusbanksiana","TotalPrecMarchToMay",0.00253545354401934
"7","Pinusbanksiana","T_anom",-0.041867202043957
"8","Pinusbanksiana","MeanTmin",-0.103519845335005
"9","Pinusbanksiana","int",0.00139627651329382
"10","Acersaccharum","(Intercept)",1.59053954899693
"11","Acersaccharum","DBH.x",0.00262576335012208
"12","Acersaccharum","BAL",-0.0127735523738457
"13","Acersaccharum","dt",0.0822876032249628
"14","Acersaccharum","TotalRadiation",-0.000115168415195845
"15","Acersaccharum","MeanTempJuneToAugust",-0.026101663801018
"16","Acersaccharum","MeanSummerVPD",0.00466777759762971
"17","Acersaccharum","int",-2.19208109612439e-05
"18","Piceamariana","(Intercept)",0.626571419906383
"19","Piceamariana","DBH.x",-0.00823676596048872
"20","Piceamariana","BAL",-0.0360454139083976
"21","Piceamariana","dt",0.119390266857423
"22","Piceamariana","FrostFreeDay",0.00175852070399667
"23","Piceamariana","MeanTmaxJuly",0.0589451296273487
"24","Piceamariana","MeanTempJuneToAugust",-0.0927279114621885
"25","Piceamariana","int",0.000820083073991318
"26","Populustremuloides","(Intercept)",1.46958346153815
"27","Populustremuloides","DBH.x",0.00217662858998767
"28","Populustremuloides","BAL",-0.0181683123157165
"29","Populustremuloides","dt",0.0851361861257816
"30","Populustremuloides","FrostFreeDay",0.00727686017741217
"31","Populustremuloides","MeanTempJuneToAugust",-0.0432397937777309
"32","Populustremuloides","SMImean",-0.0119844816937704
"33","Populustremuloides","Mx_anom",-0.0953758214813716
"34","Populustremuloides","int",-0.000144877495060647
"35","Abiesbalsamea","(Intercept)",0.479515521972131
"36","Abiesbalsamea","DBH.x",-0.01423740148273
"37","Abiesbalsamea","BAL",-0.0255418572853934
"38","Abiesbalsamea","dt",0.124227614249163
"39","Abiesbalsamea","FrostFreeDay",0.00626721798518105
"40","Abiesbalsamea","MeanSummerVPDDaylight",-0.074617277248197
"41","Abiesbalsamea","int",0.0010657519636568
"42","Betulapapyrifera","(Intercept)",0.240941293050618
"43","Betulapapyrifera","DBH.x",-0.00394822940042226
"44","Betulapapyrifera","BAL",-0.0141818414212308
"45","Betulapapyrifera","dt",0.0692007186478367
"46","Betulapapyrifera","T_anom",-0.0968029319216316
"47","Betulapapyrifera","TotalPrecJuneToAugust",0.00108567540325672
"48","Betulapapyrifera","int",0.00012408193756331
"49","Piceaglauca","(Intercept)",2.60873932879167
"50","Piceaglauca","DBH.x",-0.0196092573558108
"51","Piceaglauca","BAL",-0.0461135954136502
"52","Piceaglauca","dt",0.0953293337234156
"53","Piceaglauca","FrostFreeDay",-0.0030016229659182
"54","Piceaglauca","MeanTmaxJuly",-0.0323968574743646
"55","Piceaglauca","P_anom",-0.00108889423426715
"56","Piceaglauca","T_anom",-0.0740524661579875
"57","Piceaglauca","int",0.00112058936536569
"58","Fagusgrandifolia","(Intercept)",0.217883922916969
"59","Fagusgrandifolia","DBH.x",-0.0077944460831582
"60","Fagusgrandifolia","BAL",-0.0345091136160765
"61","Fagusgrandifolia","dt",0.116339069994672
"62","Fagusgrandifolia","CMI",0.0116275932509182
"63","Fagusgrandifolia","T_anom",-0.00347062057367108
"64","Fagusgrandifolia","int",0.00088250240112606
"65","Pinusstrobus","(Intercept)",-0.0325354531431958
"66","Pinusstrobus","DBH.x",-0.00916875914119481
"67","Pinusstrobus","BAL",-0.0479720664993218
"68","Pinusstrobus","dt",0.0994227554494426
"69","Pinusstrobus","LowestTmin",-0.0233580426137287
"70","Pinusstrobus","TotalPrecMarchToMay",0.00315000135819384
"71","Pinusstrobus","T_anom",-0.000652803635318573
"72","Pinusstrobus","int",0.000833742044489641
"73","Betulaalleghaniensis","(Intercept)",-10.4167541391488
"74","Betulaalleghaniensis","DBH.x",-0.0137370355412608
"75","Betulaalleghaniensis","BAL",-0.0309769494908376
"76","Betulaalleghaniensis","dt",0.124602481391645
"77","Betulaalleghaniensis","SMImean",0.0908954740409428
"78","Betulaalleghaniensis","CMI",-0.010554956975186
"79","Betulaalleghaniensis","TotalRadiation",0.000719667248740522
"80","Betulaalleghaniensis","TotalPrcp",-2.42258051400966e-05
"81","Betulaalleghaniensis","Mx_anom",-0.20224636873447
"82","Betulaalleghaniensis","int",0.000376622375590199
"83","Pinusresinosa","(Intercept)",0.685985688545772
"84","Pinusresinosa","DBH.x",-0.0341236546907027
"85","Pinusresinosa","BAL",-0.0480312134168584
"86","Pinusresinosa","dt",0.130033361589742
"87","Pinusresinosa","TotalPrecMarchToMay",0.00442586553120741
"88","Pinusresinosa","T_anom",-0.105197992218447
"89","Pinusresinosa","int",0.000915226826855999
"90","Fraxinusamericana","(Intercept)",-0.225200209288742
"91","Fraxinusamericana","DBH.x",0.00785263718172651
"92","Fraxinusamericana","BAL",-0.025644522165299
"93","Fraxinusamericana","dt",0.127850979785613
"94","Fraxinusamericana","MeanSummerVPD",0.0938055054158326
"95","Fraxinusamericana","T_anom",0.111138238812948
"96","Fraxinusamericana","int",0.000382551904336548
"97","Acerrubrum","(Intercept)",2.07644115692781
"98","Acerrubrum","DBH.x",0.00310980874457349
"99","Acerrubrum","BAL",-0.017167310750061
"100","Acerrubrum","dt",0.128876551330066
"101","Acerrubrum","TotalRadiation",-0.000311414838772987
"102","Acerrubrum","MeanTempJuneToAugust",-0.0221270200299991
"103","Acerrubrum","MeanSummerVPDDaylight",0.0146993850638053
"104","Acerrubrum","int",0.000263581352299204
"105","Quercusrubra","(Intercept)",2.30278929265508
"106","Quercusrubra","DBH.x",0.00801495341268399
"107","Quercusrubra","BAL",-0.0274683057108304
"108","Quercusrubra","dt",0.114185366103
"109","Quercusrubra","HitghestTmax",-0.0999143981432832
"110","Quercusrubra","MeanSummerVPDDaylight",0.142130351723863
"111","Quercusrubra","int",0.000336767682604413
"112","Thujaoccidentalis","(Intercept)",1.09487056405197
"113","Thujaoccidentalis","DBH.x",-0.00030108173205464
"114","Thujaoccidentalis","BAL",-0.0114532854481133
"115","Thujaoccidentalis","dt",0.128740686424717
"116","Thujaoccidentalis","MeanTempJuneToAugust",-0.0284638460319715
"117","Thujaoccidentalis","TotalPrecJuneToAugust",-0.00161391326818183
"118","Thujaoccidentalis","T_anom",-0.00799456466085038
"119","Thujaoccidentalis","int",0.000359443930141106
"120","Ostryavirginiana","(Intercept)",3.92495744667081
"121","Ostryavirginiana","DBH.x",-0.00592919217735622
"122","Ostryavirginiana","BAL",-0.00536383294230091
"123","Ostryavirginiana","dt",0.0756169831868766
"124","Ostryavirginiana","TotalPrcp",0.000854888854802608
"125","Ostryavirginiana","MeanTmax",-0.0971834126413528
"126","Ostryavirginiana","SMImean",-0.0373304316206452
"127","Ostryavirginiana","T_anom",-0.0442325827194847
"128","Ostryavirginiana","int",-0.000126991388489476
"129","Tiliaamericana","(Intercept)",0.23109943326015
"130","Tiliaamericana","DBH.x",0.0106437874976565
"131","Tiliaamericana","BAL",-0.0103117586114694
"132","Tiliaamericana","dt",0.113635717828245
"133","Tiliaamericana","MeanSummerVPD",-0.0156942371368267
"134","Tiliaamericana","int",9.19469190889582e-06
"135","Prunusserotina","(Intercept)",-3.01354333745575
"136","Prunusserotina","DBH.x",0.0110046747408616
"137","Prunusserotina","BAL",-0.00519831839167264
"138","Prunusserotina","dt",0.0898937206101713
"139","Prunusserotina","MeanTminJanuary",-0.0187414776159277
"140","Prunusserotina","TotalRadiation",9.96934611689728e-05
"141","Prunusserotina","MeanTair",0.0555601654369977
"142","Prunusserotina","MeanTmaxJuly",0.0879560189883044
"143","Prunusserotina","int",-5.61869889638235e-05
"144","Tsugacanadensis","(Intercept)",3.15751124464859
"145","Tsugacanadensis","DBH.x",-0.00209186911484255
"146","Tsugacanadensis","BAL",-0.0151139842769479
"147","Tsugacanadensis","dt",0.165592546735085
"148","Tsugacanadensis","TotalPrecMarchToMay",-0.0024421094173359
"149","Tsugacanadensis","Mx_anom",0.0479860101422076
"150","Tsugacanadensis","MeanTempJuneToAugust",-0.121298208785888
"151","Tsugacanadensis","int",3.1452371050728e-05
"152","Populusbalsamifera","(Intercept)",0.202452333306707
"153","Populusbalsamifera","DBH.x",-0.00406263602601515
"154","Populusbalsamifera","BAL",-0.0127579131223719
"155","Populusbalsamifera","dt",0.0429872530030926
"156","Populusbalsamifera","CMI",0.00985350931747682
"157","Populusbalsamifera","DD",0.000241320631750088
"158","Populusbalsamifera","int",7.47755858138084e-05
"159","Caryasp.","(Intercept)",6.56867275737932
"160","Caryasp.","DBH.x",0.00746030785598163
"161","Caryasp.","BAL",-0.0326549302465432
"162","Caryasp.","dt",0.0623168181973185
"163","Caryasp.","TotalRadiation",-0.000738857101132035
"164","Caryasp.","MeanTempJuneToAugust",-0.194772169017128
"165","Caryasp.","MeanSummerVPDDaylight",0.131567394242286
"166","Caryasp.","int",0.000789100335463358
"167","Larixlaricina","(Intercept)",4.15639289633553
"168","Larixlaricina","DBH.x",-0.0014155971119884
"169","Larixlaricina","BAL",-0.0112864884108037
"170","Larixlaricina","dt",0.11553530247596
"171","Larixlaricina","FrostFreeDay",-0.00875037018817351
"172","Larixlaricina","LowestTmin",0.084043076052114
"173","Larixlaricina","MeanSummerVPDDaylight",0.101341442233006
"174","Larixlaricina","int",-0.000295367454060085
"175","Quercussp.","(Intercept)",0.635429598275736
"176","Quercussp.","DBH.x",0.00986267693510765
"177","Quercussp.","BAL",-0.0162989149263265
"178","Quercussp.","dt",0.0856965897545947
"179","Quercussp.","CMI",-0.00822804151209982
"180","Quercussp.","int",5.68496166798086e-05
"181","Populusgrandidentata","(Intercept)",2.98293356852619
"182","Populusgrandidentata","DBH.x",0.00730756974762215
"183","Populusgrandidentata","BAL",-0.014680510147001
"184","Populusgrandidentata","dt",0.0993768182469568
"185","Populusgrandidentata","TotalRadiation",-0.000520227779836631
"186","Populusgrandidentata","int",-0.000185749671274787
"187","Fraxinusnigra","(Intercept)",0.996925914335177
"188","Fraxinusnigra","DBH.x",0.00527765521229286
"189","Fraxinusnigra","BAL",-0.00299073794648367
"190","Fraxinusnigra","dt",0.123450760685002
"191","Fraxinusnigra","MeanTmaxJuly",-0.0390637874793963
"192","Fraxinusnigra","LowestTmin",-0.0055910294724371
"193","Fraxinusnigra","int",-0.000429859233089934
"194","Ulmussp.","(Intercept)",2.17428608022359
"195","Ulmussp.","DBH.x",0.0147529950544942
"196","Ulmussp.","BAL",-3.25377421774435e-05
"197","Ulmussp.","dt",0.0902382853112047
"198","Ulmussp.","MeanTmaxJuly",-0.0778816737722609
"199","Ulmussp.","int",0.000411898000932831
"200","Acersaccharinum","(Intercept)",-2.58161691569101
"201","Acersaccharinum","DBH.x",0.00638859617864424
"202","Acersaccharinum","BAL",-0.0176394568740164
"203","Acersaccharinum","dt",0.0806694957743218
"204","Acersaccharinum","MeanTempJuneToAugust",0.149153583300362
"205","Acersaccharinum","P_anom",-0.00196982783702518
"206","Acersaccharinum","CMI",0.00433301198169334
"207","Acersaccharinum","int",0.000183810903283817
"208","Fraxinuspennsylvanica","(Intercept)",0.107444687989522
"209","Fraxinuspennsylvanica","DBH.x",0.00721315487069662
"210","Fraxinuspennsylvanica","BAL",-0.00219329215193567
"211","Fraxinuspennsylvanica","dt",-0.0586096505831866
"212","Fraxinuspennsylvanica","T_anom",0.259481724027321
"213","Fraxinuspennsylvanica","MeanTmaxJuly",0.0242255783089449
"214","Fraxinuspennsylvanica","MeanSummerVPDDaylight",0.0360557663843257
"215","Fraxinuspennsylvanica","int",-0.00030817448381643
"216","Juglanssp.","(Intercept)",0.318265148207666
"217","Juglanssp.","DBH.x",0.00399681676453929
"218","Juglanssp.","BAL",-0.00666797468585687
"219","Juglanssp.","dt",0.00666934632852914
"220","Juglanssp.","TotalPrecMarchToMay",0.00229257682137379
"221","Juglanssp.","int",-0.000241135224654984
"222","Prunuspensylvanica","(Intercept)",0.854919548761951
"223","Prunuspensylvanica","DBH.x",0.00721582345726073
"224","Prunuspensylvanica","BAL",-0.00202487356566748
"225","Prunuspensylvanica","dt",0.055736625431494
"226","Prunuspensylvanica","MeanTminJanuary",0.0341234162907589
"227","Prunuspensylvanica","int",-0.000221581278269824
"228","Acerpensylvanicum","(Intercept)",29.1911405781775
"229","Acerpensylvanicum","DBH.x",-0.0977308763466029
"230","Acerpensylvanicum","BAL",-0.023127546847856
"231","Acerpensylvanicum","dt",0.174418696021987
"232","Acerpensylvanicum","SMImean",-0.294016047901508
"233","Acerpensylvanicum","T_anom",0.296232538902441
"234","Acerpensylvanicum","int",0.00119723966562985
"235","Liriodendrontulipifera","(Intercept)",3.64738427013879
"236","Liriodendrontulipifera","DBH.x",-0.000731952995717982
"237","Liriodendrontulipifera","BAL",-0.0378079814578973
"238","Liriodendrontulipifera","dt",-0.0484972438751276
"239","Liriodendrontulipifera","LowestTmin",0.0742425611339591
"240","Liriodendrontulipifera","int",0.0003761540349888
