PopSize;nbTaxa;minSp;maxSp;Simpson;Sorensen;Nestedness;SimpsonCorr;SorensenCorr;NestednessCorr
50;100;1;10;0.9611699445284921;0.9734207801173628;0.012250835588870634;0.4975202297050378;0.5943097997892519;0.09678957008421413
50;80;1;10;0.9589892294946147;0.969366442330007;0.01037721283539228;0.4832985386221294;0.5586465159823458;0.07534797736021642
50;60;1;10;0.9492293744333635;0.9656441717791411;0.016414797345777554;0.4278708622803433;0.5292535305985205;0.10138266831817722
50;40;1;10;0.9387412587412587;0.9615283267457181;0.0227870680044594;0.38002491224096935;0.4999314974654062;0.11990658522443687
60;100;1;10;0.9623493975903614;0.9765065194408552;0.014157121850493781;0.4600431965442765;0.5808006707189268;0.12075747417465033
60;80;1;10;0.9605485946495089;0.9732997192459749;0.01275112459646599;0.44799810471452256;0.5485516840507637;0.10055357933624115
60;60;1;10;0.955160744500846;0.9704042885861067;0.01524354408526074;0.4152261860978301;0.5222068633932327;0.10698067729540267
60;40;1;10;0.9498487501990129;0.9660651764072179;0.01621642620820496;0.3870005189413596;0.48690104520157457;0.09990052626021495
70;100;1;10;0.9673670093875727;0.9774386710450068;0.010071661657434117;0.458571731299004;0.5531361360704838;0.09456440477147982
70;80;1;10;0.9647177419354839;0.9764557494219046;0.011738007486420732;0.4385884509624198;0.5423234092235844;0.10373495826116458
70;60;1;10;0.9618843245452687;0.972926873525676;0.01104254898040724;0.4189513975431725;0.5066044331903475;0.08765303564717503
70;40;1;10;0.9569211669770329;0.970804762105086;0.01388359512805315;0.3882536644335869;0.48719572698292063;0.09894206254933374
80;100;1;10;0.9701696770662288;0.9797748639287481;0.009605186862519322;0.4484503478810879;0.5477334808616576;0.09928313298056973
80;80;1;10;0.969369038884813;0.9786322052331905;0.009263166348377538;0.44170497283744253;0.5337962801409778;0.09209130730353526
80;60;1;10;0.9659980210488441;0.9765479588038218;0.0105499377549777;0.4152906144862524;0.5100453661697991;0.09475475168354675
80;40;1;10;0.9605238540692236;0.9737660077085665;0.01324215363934289;0.3782230735229114;0.48131760078662733;0.10309452726371593
90;100;1;10;0.9737973929729372;0.9813506640293869;0.007553271056449651;0.45231582506070006;0.53903461120596;0.08671878614525991
90;80;1;10;0.9714635140644109;0.9801296305057482;0.008666116441337302;0.43068859569853607;0.5229320746144333;0.09224347891589718
90;60;1;10;0.9683975960564521;0.9783573806881243;0.00995978463167213;0.4051015508036496;0.5011370096645822;0.09603545886093257
90;40;1;10;0.9644635061652753;0.9765087079789389;0.01204520181366353;0.3762136647447196;0.4801832304321848;0.10396956568746518
100;100;1;10;0.9758802731631714;0.9824245632609846;0.00654429009781321;0.4472685298230815;0.5278457250127994;0.08057719518971784
100;80;1;10;0.9727332457293035;0.98222621953831;0.009492973809006489;0.4163971312051751;0.5249977108323414;0.1086005796271663
100;60;1;10;0.9717821209668093;0.9805352798053528;0.008753158838543551;0.4078532252584575;0.50186799501868;0.09401476976022244
100;40;1;10;0.9672913353156767;0.979114692570924;0.011823357255247302;0.3716456772410861;0.4839005335573765;0.1122548563162904
200;100;1;10;0.9862050013740038;0.9904213097237063;0.004216308349702547;0.41687575504135305;0.5083540634242845;0.09147830838293142
200;80;1;10;0.9853475627343524;0.9900757990153942;0.004728236281041798;0.4020856382853511;0.49940875049270794;0.09732311220735684
200;60;1;10;0.9846058670349749;0.9896029694696543;0.004997102434679435;0.39009444985949376;0.4876558579609661;0.09756140810147235
200;40;1;10;0.9830001749280409;0.9888851342569728;0.005884959328931849;0.36638334696587127;0.4708143469210454;0.10443099995517413
300;100;1;10;0.9902255827659281;0.9933916736783878;0.0031660909124596737;0.40312259915413656;0.5005398270631166;0.09741722790898005
300;80;1;10;0.9899595172869525;0.9932091895070045;0.0032496722200520134;0.3966133236003228;0.49368426387946773;0.09707094027914492
300;60;1;10;0.9896401124013948;0.9929876986818706;0.0033475862804758227;0.3890670961387443;0.485608237440548;0.09654114130180369
300;40;1;10;0.9885274531797981;0.992477457976641;0.003950004796842932;0.3648497806845159;0.46796018480920976;0.10311040412469386
400;100;1;10;0.9925474906086987;0.9949644467808427;0.0024169561721439914;0.399729261549404;0.49696659802932525;0.09723733647992122
400;80;1;10;0.9922764560200508;0.994849904598016;0.002573448577965265;0.39112425081459484;0.49131569102510175;0.10019144021050691
400;60;1;10;0.9920369149637442;0.994664203214603;0.0026272882508587836;0.3838180835110127;0.4824196514044936;0.0986015678934809
400;40;1;10;0.9912165075454266;0.9943355679460409;0.003119060400614382;0.36071585478476836;0.4674338540522271;0.10671799926745873
500;100;1;10;0.9941057354784323;0.995932378681232;0.0018266432027996826;0.4028516713375129;0.49479020317347444;0.09193853183596157
500;80;1;10;0.9938745030203059;0.9958399616092337;0.0019654585889278264;0.39357489191097045;0.4891520383025001;0.09557714639152964
500;60;1;10;0.9936279742841554;0.9957048121774811;0.0020768378933256892;0.3841393174997982;0.48113262219268793;0.09699330469288975
500;40;1;10;0.9929417122040073;0.995466374174678;0.002524661970670694;0.36008587234745276;0.46760255469954404;0.10751668235209128
600;100;1;10;0.9950350686370115;0.9965892163625286;0.0015541477255170966;0.4004947757941038;0.49340391271196876;0.09290913691786495
600;80;1;10;0.994784725992465;0.9965181249718539;0.001733398979388845;0.3886839026522505;0.4882306503022453;0.09954674764999477
600;60;1;10;0.9946129879484505;0.9964141594901796;0.0018011715417290963;0.3809731729012921;0.4808562679115638;0.09988309501027165
600;40;1;10;0.9941039370308499;0.9961969918240617;0.002093054793211868;0.3598015576247905;0.46614442502367515;0.10634286739888466
700;100;1;10;0.9956495157342121;0.9970641038507552;0.0014145881165430474;0.395362744859107;0.49246786272359194;0.09710511786448495
700;80;1;10;0.995617943113314;0.9970000607612792;0.001382117647965253;0.393627898208199;0.48705930102008055;0.09343140281188156
700;60;1;10;0.9954245013444261;0.996897525842371;0.0014730244979449525;0.38332012740823984;0.47864173485398853;0.09532160744574869
700;40;1;10;0.9949349030378583;0.9967293800931253;0.0017944770552670297;0.3594783143197651;0.465446814138995;0.1059684998192299
800;100;1;10;0.9962949231007335;0.9974152856459368;0.0011203625452033128;0.4020032274257762;0.4910228825049337;0.08901965507915749
800;80;1;10;0.99611949047458;0.9973697585807577;0.0012502681061776766;0.39089211726919226;0.48664852200436737;0.0957564047351751
800;60;1;10;0.9959392093153017;0.9972903236724984;0.0013511143571967033;0.38009240537912875;0.47919905923327627;0.09910665385414752
800;40;1;10;0.9955682558274558;0.9971293358784942;0.0015610800510383882;0.3596360620171099;0.46477657638404374;0.10514051436693383
900;100;1;10;0.9966655572276548;0.9976969546820948;0.0010313974544400306;0.3991188548383668;0.4904935698372563;0.0913747149988895
900;80;1;10;0.9965296882185029;0.9976598922135149;0.001130203995012069;0.3895478768635255;0.4864952492004121;0.0969473723368866
900;60;1;10;0.9964232484603832;0.9975766142798507;0.0011533658194674556;0.3823630053282495;0.47774365418239084;0.09538064885414133
900;40;1;10;0.9961572561971385;0.9974371199018943;0.001279863704755857;0.3655097204665421;0.4637660945460506;0.09825637407950849
1000;100;1;10;0.996996176952485;0.9979209869626832;9.248100101981738E-4;0.3989727898590318;0.48979459843822815;0.09082180857919636
1000;80;1;10;0.9968864684604115;0.9978848746394915;9.984061790799803E-4;0.390376752764801;0.485483014277681;0.09510626151287999
1000;60;1;10;0.9967739234394116;0.9978205222889701;0.0010465988495584888;0.3819331988766959;0.4779842589860475;0.0960510601093516
1000;40;1;10;0.9964140037698417;0.997710688162839;0.0012966843929973493;0.35721290412296314;0.4657049288494555;0.10849202472649239
50;100;11;20;0.9535900104058272;0.9596489640821496;0.006058953676322365;0.45111745594171504;0.4875212575263134;0.03640380158459838
50;80;11;20;0.9502980679451267;0.956510809451986;0.006212741506859243;0.43336281156856965;0.46801968019680196;0.03465686862823231
50;60;11;20;0.9453434610303831;0.9527952082144895;0.00745174718410635;0.4089285714285714;0.4467103503610591;0.037781778932487686
50;40;11;20;0.9298721425803952;0.9409942950285248;0.01112215244812964;0.34657039711191334;0.38946232206705794;0.0428919249551446
60;100;11;20;0.9602426504899674;0.9652145510962316;0.004971900606264179;0.44600979669686586;0.4804983638543932;0.03448856715752735
60;80;11;20;0.9570891732683323;0.9630738304892171;0.005984657220884815;0.4264316582573478;0.4650600884180761;0.03862843016072831
60;60;11;20;0.9519879160597724;0.9588363165441006;0.006848400484328221;0.3979299614404582;0.43707701714068853;0.039147055700230304
60;40;11;20;0.9407422320649621;0.9498651525904898;0.009122920525527656;0.3460551002271156;0.3870822198313262;0.04102711960421057
70;100;11;20;0.9652873319928035;0.9697053662140944;0.004418034221290945;0.44274549779136935;0.4776832430956822;0.03493774530431287
70;80;11;20;0.9633451294468244;0.9680176812818929;0.004672551835068539;0.42886519294870734;0.46374351867710945;0.034878325728402104
70;60;11;20;0.9584377361492264;0.9641392563614214;0.005701520212194944;0.39717831654937125;0.4344407419147835;0.037262425365412244
70;40;11;20;0.9470626533780738;0.956290706089114;0.009228052711040213;0.33825239245148025;0.38465248958342;0.046400097131939766
80;100;11;20;0.9691021150661128;0.9730784698729625;0.003976354806849769;0.439498602440496;0.47468639285425784;0.035187790413761855
80;80;11;20;0.9670746326911818;0.9713137152503674;0.004239082559185592;0.42339615271946107;0.4584338834211296;0.035037730701668546
80;60;11;20;0.9631285600538985;0.9682531311799605;0.005124571126062016;0.3950508730059038;0.4326174291066316;0.03756655610072779
80;40;11;20;0.9534046102517441;0.9610416369486314;0.007637026696887372;0.33842033724951887;0.3814601616809789;0.04303982443146004
90;100;11;20;0.9725369613748368;0.975860345434014;0.0033233840591772035;0.44038604589063296;0.4732259078055568;0.03283986191492383
90;80;11;20;0.9704395875918147;0.9743968871595331;0.0039572995677183975;0.42180955449459595;0.458208299787748;0.03639874529315207
90;60;11;20;0.9669304216070612;0.9714987511270948;0.004568329520033609;0.3938518206487132;0.43100047359152505;0.03714865294281183
90;40;11;20;0.9598016264169542;0.9664045102910321;0.006602883874077925;0.34665791464554313;0.3899620316939266;0.043304117048383495
100;100;11;20;0.9750864687395755;0.9782310211783476;0.003144552438772097;0.43907722471696914;0.4733345457649639;0.03425732104799478
100;80;11;20;0.9733040542992994;0.9767748454682529;0.0034707911689534354;0.4216903468285357;0.45685685907447815;0.03516651224594247
100;60;11;20;0.9704158526374547;0.9744556330148894;0.004039780377434687;0.3961490258630511;0.4327694154161347;0.036620389553083554
100;40;11;20;0.9629963459196103;0.9687612466709854;0.005764900751375146;0.34231605199123666;0.38280383401120627;0.04048778201996961
200;100;11;20;0.9869581809790905;0.9886682384875048;0.0017100575084143532;0.4307716443320234;0.4659475705520692;0.03517592622004578
200;80;11;20;0.9862656118228184;0.9879504865999076;0.0016848747770892292;0.4179615037696353;0.4505219862612645;0.032560482491629184
200;60;11;20;0.9845076049146944;0.9866533479950642;0.002145743080369855;0.38855795816813504;0.42504004831110037;0.03648209014296533
200;40;11;20;0.9810890633954042;0.9842721756823639;0.003183112286959666;0.34158309471293197;0.38492419083121254;0.043341096118280575
300;100;11;20;0.991203947572274;0.9923184770898833;0.001114529517609264;0.4289790013795693;0.46271707594434597;0.03373807456477668
300;80;11;20;0.9906912219624602;0.9919139915470071;0.0012227695845469233;0.41503474308159133;0.44988530774853885;0.034850564666947526
300;60;11;20;0.989729750412453;0.9911936612888751;0.0014639108764220587;0.39115622053407817;0.42869019433047323;0.03753397379639506
300;40;11;20;0.9870916406353241;0.9893158887465426;0.002224248111218574;0.3376582156734505;0.3816904411847229;0.044032225511272394
400;100;11;20;0.9933637158871238;0.9941888093206014;8.250934334775861E-4;0.4280595209009575;0.46103523772665633;0.03297571682569883
400;80;11;20;0.9929817990903566;0.9939056538553049;9.238547649483841E-4;0.4143255828222624;0.44916708951440554;0.03484150669214314
400;60;11;20;0.9922219020318607;0.9933458544586776;0.0011239524268169543;0.3894362752636368;0.427397192720296;0.03796091745665925
400;40;11;20;0.9902954554443697;0.9919467069987764;0.0016512515544067075;0.337845926656775;0.38113605018710195;0.04329012353032696
500;100;11;20;0.9946715060717802;0.9953313626947606;6.598566229804037E-4;0.42748566639838703;0.4602708200112136;0.03278515361282658
500;80;11;20;0.9943488956167451;0.9951071999346435;7.583043178983617E-4;0.41308569316371163;0.4485885420353053;0.03550284887159366
500;60;11;20;0.9937620664672622;0.9946649053792652;9.028389120030456E-4;0.3892152501839646;0.4271810827333081;0.03796583254934355
500;40;11;20;0.9921710432497403;0.9935445669291338;0.0013735236793935846;0.33639642016691795;0.3810475902409421;0.04465117007402414
600;100;11;20;0.9955339667800743;0.9961085028978354;5.745361177610375E-4;0.4262900863619069;0.46040303593146364;0.03411294956955674
600;80;11;20;0.9952804894974886;0.9959125258350324;6.320363375438287E-4;0.41278528609219817;0.4481742392085328;0.03538895311633461
600;60;11;20;0.9948284406546147;0.9955540956999739;7.256550453591526E-4;0.3906962683125429;0.4274001828205124;0.036703914507969504
600;40;11;20;0.9934666594485553;0.9946346351499255;0.001167975701370172;0.33637282746272346;0.38192834492872835;0.04555551746600489
700;100;11;20;0.9961814078672753;0.9966530836301589;4.716757628836499E-4;0.42705287995550245;0.4596951808650878;0.032642300909585364
700;80;11;20;0.995966353374814;0.9964884812876871;5.221279128730938E-4;0.4136514939401493;0.4477553414876615;0.03410384754751222
700;60;11;20;0.9955425502861744;0.9961819637187163;6.394134325418133E-4;0.38954573971972545;0.4270886359897482;0.037542896270022774
700;40;11;20;0.9944007188077877;0.9953620913343179;9.613725265301687E-4;0.33661154972243307;0.3801079358588752;0.04349638613644213
800;100;11;20;0.9966392148072818;0.99706885715358;4.2964234629816467E-4;0.4257407519654942;0.4595791242510365;0.03383837228554226
800;80;11;20;0.9964524490169462;0.9969274753664188;4.75026349472607E-4;0.4125289390931441;0.4478686180730691;0.035339678979925016
800;60;11;20;0.9960884507694908;0.9966509566778834;5.625059083925743E-4;0.3889894494625846;0.4265995317631635;0.037610082300578884
800;40;11;20;0.9950731104648869;0.9959144741447382;8.413636798513258E-4;0.3355126461413315;0.378656734460573;0.04314408831924149
900;100;11;20;0.9970203456837223;0.9973924312077728;3.7208552405043616E-4;0.4264662142984533;0.45945880412226153;0.032992589823808205
900;80;11;20;0.9968493467648636;0.9972599246258409;4.105778609773125E-4;0.41283503269459887;0.4471428407323948;0.03430780803779593
900;60;11;20;0.9965279627047795;0.997017381433643;4.894187288635443E-4;0.3894292615876852;0.42622229767445896;0.036793036086773756
900;40;11;20;0.9956182451343016;0.9963818266868312;7.635815525295353E-4;0.335517821291878;0.3796376900996328;0.04411986880775476
1000;100;11;20;0.9973116541649124;0.9976530388741439;3.41384709231507E-4;0.4259313369881074;0.45950789856783675;0.033576561579729325
1000;80;11;20;0.9971551331221575;0.9975342139392761;3.790808171185711E-4;0.41211764043010357;0.4472390733604886;0.035121432930385055
1000;60;11;20;0.9968840897141202;0.9973202993323349;4.3620961821466686E-4;0.39019445019189447;0.4267212180318231;0.03652676783992864
1000;40;11;20;0.9960371402956881;0.9967301064814432;6.929661857550951E-4;0.3345249982017644;0.3787433478059838;0.04421834960421939
50;100;21;30;0.9478291942111846;0.9521017018659012;0.00427250765471654;0.42086473621578735;0.44292882080241136;0.02206408458662401
50;80;21;30;0.9418185410184224;0.9471748878923767;0.005356346873954254;0.3930212906284136;0.4176619473226291;0.0246406566942155
50;60;21;30;0.9273902410620706;0.935607136402365;0.008216895340294461;0.33813850791898437;0.367563674723848;0.029425166804863623
50;40;21;30;0.8771946937182988;0.8992679121494579;0.02207321843115906;0.22222496787585252;0.26313078696929615;0.040905819093443624
60;100;21;30;0.9550855441091561;0.9587508023778293;0.003665258268673144;0.4148002481225832;0.43654454652891617;0.021744298406332963
60;80;21;30;0.950877313937054;0.9554178985405228;0.004540584603468845;0.3921858560582364;0.41668883931312556;0.024502983254889144
60;60;21;30;0.9397604984222024;0.9459949585622835;0.006234460140081111;0.3421110767463438;0.36864421751881554;0.026533140772471764
60;40;21;30;0.9011164274322169;0.9166199708618178;0.015503543429600919;0.2329896907216495;0.2681727269746549;0.035183036253005395
70;100;21;30;0.9613906720968224;0.9646535925684073;0.0032629204715849403;0.4156974719688;0.43812485051423106;0.02242737854543103
70;80;21;30;0.9573446680835105;0.9610074968001463;0.003662828716635813;0.39070806844967804;0.41320413538268014;0.0224960669330021
70;60;21;30;0.9477321423182545;0.9534170678572389;0.0056849255389843645;0.341265960336865;0.36899520136568503;0.027729241028820018
70;40;21;30;0.9113295551431867;0.9258669126588117;0.014537357515625016;0.2269927920950394;0.2629911506532795;0.0359983585582401
80;100;21;30;0.9654031391843665;0.9683455518129582;0.0029424126285917396;0.41093617491980383;0.4333566242582668;0.02242044933846299
80;80;21;30;0.962966512679944;0.9658777817025785;0.0029112690226344995;0.39396315785346264;0.41440349175557706;0.020440333902114416
80;60;21;30;0.9542717693746294;0.958733393020695;0.004461623646065616;0.3428437983956212;0.3674155929690057;0.024571794573384542
80;40;21;30;0.9221366959347078;0.9352056007081355;0.013068904773427703;0.22844001533154465;0.2651574955851954;0.036717480253650764
90;100;21;30;0.9694834362717575;0.9721142622593348;0.0026308259875773565;0.4138265746333045;0.4365183132988129;0.022691738665508387
90;80;21;30;0.9662979553280312;0.9691638553545041;0.0028659000264729118;0.3891827542617297;0.41122191858608087;0.022039164324351157
90;60;21;30;0.9596097705184583;0.9639351294276806;0.004325358909222254;0.34553510837890705;0.3726283028374267;0.027093194458519654
90;40;21;30;0.9285603547176832;0.9403711276171743;0.011810772899491173;0.2241089001474253;0.2595079098668;0.03539900971937471
100;100;21;30;0.9722113239695547;0.9745010003137231;0.0022896763441684342;0.41166698310233524;0.43321726366714597;0.02155028056481073
100;80;21;30;0.9693055109155191;0.9720425385780315;0.0027370276625123813;0.38709820745355716;0.4101591358819463;0.023060928428389138
100;60;21;30;0.9628228698875795;0.966998200753142;0.004175330865562543;0.34122334317804326;0.3694939339029271;0.02827059072488386
100;40;21;30;0.9372586388484879;0.9483143282102132;0.011055689361725296;0.23004012900366824;0.2684467211676783;0.03840659216401007
200;100;21;30;0.9858328110715662;0.987020375481995;0.0011875644104287764;0.4103274070918659;0.4319596470034949;0.021632239911628992
200;80;21;30;0.9842146157935632;0.9856840039142182;0.001469388120655002;0.3840458295434599;0.4077651454799309;0.02371931593647103
200;60;21;30;0.9806343600910696;0.9829411270681112;0.0023067669770415744;0.336156216378038;0.3655648384489198;0.029408622070881796
200;40;21;30;0.967408600418747;0.9732128910645215;0.005804290645774479;0.228888556943966;0.26649320973379026;0.03760465278982425
300;100;21;30;0.9903790009237692;0.9912280088628563;8.490079390871541E-4;0.4069723668549269;0.4296560667022153;0.022683699847288408
300;80;21;30;0.9893091608681304;0.9903473642903196;0.0010382034221891878;0.3815402812544342;0.4061725913771133;0.024632310122679135
300;60;21;30;0.9871823401880755;0.9885864747549125;0.0014041345668369676;0.3392575838073062;0.36605972307185186;0.026802139264545666
300;40;21;30;0.9784082421560969;0.9821197978267079;0.0037115556706109887;0.23200577567349057;0.26803481425119013;0.03602903857769957
400;100;21;30;0.9927677198032591;0.9933828124948765;6.150926916174138E-4;0.40700149630742355;0.4287698992874343;0.02176840298001076
400;80;21;30;0.9919962608412948;0.9927708256974925;7.745648561977569E-4;0.3826047714000505;0.40710592586409866;0.024501154464048158
400;60;21;30;0.9903180160800646;0.9914037155183507;0.0010856994382860696;0.3383718892108485;0.3657424729547319;0.027370583743883403
400;40;21;30;0.9838079312222603;0.9865983109617308;0.0027903797394704943;0.23300717115467803;0.2690524947934493;0.03604532363877125
500;100;21;30;0.9941848874605507;0.9947007026669308;5.158152063801102E-4;0.40612741221767673;0.42883809713495896;0.02271068491728223
500;80;21;30;0.9936226992760696;0.9942069518880376;5.842526119680391E-4;0.3839423146252692;0.40704998101447304;0.023107666389203863
500;60;21;30;0.9922572872680351;0.993123123571674;8.658363036389005E-4;0.33889315435636047;0.3661496371468253;0.02725648279046483
500;40;21;30;0.9869341652256708;0.9892460510511983;0.0023118858255275487;0.2320345658130118;0.2689825426469359;0.03694797683392409
600;100;21;30;0.9951569127187917;0.9955646904367517;4.077777179599673E-4;0.4065045479482536;0.4279867829282935;0.021482234980039927
600;80;21;30;0.9946897050681299;0.9951799537455388;4.902486774088777E-4;0.38437981700919055;0.4076611785108999;0.02328136150170934
600;60;21;30;0.99358274225148;0.9942886558710916;7.059136196115867E-4;0.3404126134075333;0.36720893461871407;0.02679632121118075
600;40;21;30;0.9888477219730156;0.9908656151815448;0.0020178932085291867;0.2281325689677142;0.26556353043634945;0.037430961468635254
700;100;21;30;0.9958415675813462;0.9961995384171348;3.5797083578859024E-4;0.40625155886065994;0.4282222315628829;0.02197067270222297
700;80;21;30;0.9953952246793611;0.9958325511369196;4.3732645755845123E-4;0.3818065981436341;0.40572704642889773;0.02392044828526363
700;60;21;30;0.9944680187769404;0.9950599852986316;5.919665216912451E-4;0.33933227594288395;0.3652849464045656;0.02595267046168165
700;40;21;30;0.9905949116033025;0.9922434015351419;0.0016484899318394142;0.2313190028614147;0.2676636772860741;0.036344674424659384
800;100;21;30;0.9963393070300838;0.9966652121425713;3.259051124875345E-4;0.4049145037660425;0.42764679190552923;0.022732288139486745
800;80;21;30;0.995968174771687;0.9963518235316718;3.8364875998486703E-4;0.3817874177766997;0.40574308946037707;0.02395567168367735
800;60;21;30;0.9951372673727091;0.9956834986553844;5.462312826752802E-4;0.3384555492754025;0.36575297996271183;0.027297430687309332
800;40;21;30;0.991808176964051;0.993198654079081;0.0013904771150300421;0.2323531659756281;0.2674391450110676;0.035085979035439474
900;100;21;30;0.996748142977754;0.9970336039121502;2.854609343961867E-4;0.4051683693730031;0.4275605901290826;0.022392220756079495
900;80;21;30;0.9964363228318943;0.9967727649943041;3.364421624098002E-4;0.38323131930884263;0.40700741451081063;0.023776095201967995
900;60;21;30;0.9956870493979864;0.9961688039050837;4.817545070973095E-4;0.33907101115698235;0.36621065486313586;0.027139643706153516
900;40;21;30;0.9926416073069705;0.9939310321398918;0.001289424832921271;0.23063672070299487;0.2668295174408491;0.03619279673785422
1000;100;21;30;0.997075317062297;0.997330215063206;2.54898000908943E-4;0.4054112839974901;0.42763078420260964;0.022219500205119536
1000;80;21;30;0.9967779010144945;0.9970831875195697;3.052865050752196E-4;0.38222541238611474;0.4060629120441478;0.023837499658033057
1000;60;21;30;0.9961055717470985;0.9965331318727075;4.275601256090722E-4;0.3384292818605453;0.3650348376011426;0.02660555574059731
1000;40;21;30;0.9933283729769411;0.9945024651165448;0.001174092139603733;0.22945156326060345;0.26567746645739004;0.03622590319678659
50;100;31;40;0.9392100577740634;0.9435645735296598;0.004354515755596422;0.38195439835680406;0.4007579176606277;0.018803519303823624
50;80;31;40;0.9296101421054812;0.9344888083440976;0.004878666238616436;0.34566265617056674;0.3632936344353587;0.017630978264791985
50;60;31;40;0.9023831347387717;0.9128433328218506;0.010460198083078853;0.26994790238552235;0.2952503846344732;0.02530248224895082
50;40;31;40;0.593287037037037;0.7183166332665331;0.12502959622949605;0.05513250731371536;0.0925617956637159;0.03742928835000054
60;100;31;40;0.948578067383947;0.9519743359909422;0.0033962686069951564;0.38076603337456155;0.3978587905912972;0.017092757216735643
60;80;31;40;0.939832309872461;0.944777130470126;0.0049448205976649895;0.3423967991051262;0.3631714354161676;0.020774636311041372
60;60;31;40;0.9175082814898602;0.9267969170102169;0.009288635520356747;0.27047110941742486;0.29677545257309473;0.026304343155669874
60;40;31;40;0.7094718957949879;0.7940379403794038;0.08456604458441586;0.07527301677907798;0.11387485425573259;0.038601837476654605
70;100;31;40;0.9548492166002134;0.9581191832198916;0.003269966619678266;0.3766475422546131;0.39527220630372495;0.01862466404911184
70;80;31;40;0.9483466609033931;0.9524027642244041;0.004056103321010918;0.34407590370893126;0.3637476896396979;0.019671785930766628
70;60;31;40;0.9281252801769224;0.9358178882617456;0.007692608084823194;0.269510808723347;0.2940796618626904;0.024568853139343427
70;40;31;40;0.6927989981214777;0.7919864320542718;0.09918743393279406;0.06053377395034304;0.09810965969672618;0.03757588574638314
80;100;31;40;0.9608691321484981;0.9634070072254528;0.0025378750769546876;0.38037594281433246;0.3969331308490634;0.01655718803473094
80;80;31;40;0.9536769644056414;0.9575593960789743;0.003882431673332909;0.33979815866141033;0.36063774010121114;0.020839581439800803
80;60;31;40;0.9360064338235294;0.9425257705364606;0.006519336712931145;0.2677556117921583;0.2907688536749187;0.023013241882760438
80;40;31;40;0.7339108910891089;0.8206206077720374;0.08670971668292848;0.06450560208854564;0.10263150501860153;0.0381259029300559
90;100;31;40;0.9649959046232254;0.96749092714777;0.002495022524544588;0.37989269655876606;0.39807901720798905;0.018186320649222987
90;80;31;40;0.9589643380556913;0.9621626228071244;0.0031982847514331336;0.3418074177259272;0.36105768571859315;0.019250267992665937
90;60;31;40;0.9445187407380634;0.9502027575020275;0.005684016763964128;0.27447561628871825;0.2977685152239109;0.023292898935192652
90;40;31;40;0.7633605072463768;0.8417745476569006;0.0784140404105238;0.06689022938328439;0.10572507107607755;0.038834841692793165
100;100;31;40;0.9680548831175949;0.9702703047357526;0.002215421618157687;0.37736359686919113;0.39493977946532544;0.017576182596134304
100;80;31;40;0.9627179277201905;0.9658453762931375;0.0031274485729470003;0.34056551271984326;0.3612559259204561;0.020690413200612823
100;60;31;40;0.9473707919156732;0.9533670828815285;0.0059962909658553;0.2647151374279924;0.2902171469766896;0.02550200954869719
100;40;31;40;0.7891313597957571;0.8600391357850357;0.07090777598927855;0.06963396841743906;0.10944643971114129;0.03981247129370223
200;100;31;40;0.9837780307790766;0.9848713218996049;0.0010932911205283613;0.37750862865933904;0.3943051174984005;0.016796488839061485
200;80;31;40;0.9808217021010879;0.9823671545819438;0.0015454524808559134;0.33837172382077213;0.3577901581159905;0.01941843429521839
200;60;31;40;0.9728808898123816;0.9758968248310231;0.0030159350186415024;0.26402600579657265;0.2881970030086208;0.02417099721204813
200;40;31;40;0.8631511776308156;0.9168775950058433;0.0537264173750277;0.059331124216940014;0.0993461764846248;0.04001505226768479
300;100;31;40;0.9890140253998725;0.9898281969382642;8.141715383916948E-4;0.3750654912771528;0.39347619879635765;0.018410707519204872
300;80;31;40;0.9872159090909091;0.9882692018801891;0.0010532927892800137;0.33985330073349634;0.3596467072378884;0.01979340650439204
300;60;31;40;0.9820983237939493;0.9841459615499212;0.0020476377559718317;0.26779510804359363;0.29270442574047073;0.024909317696877098
300;40;31;40;0.9119019691032968;0.9448647128956178;0.032962743792321;0.06455208916700085;0.10253375314904156;0.03798166398204071
400;100;31;40;0.9917344452724092;0.9923467640121747;6.123187397655272E-4;0.37496877841164544;0.39332110148682875;0.018352323075183308
400;80;31;40;0.9903718835135734;0.9911606849729441;7.888014593706583E-4;0.3396342662137871;0.35924326725695904;0.019609001043171925
400;60;31;40;0.9864482996107531;0.9879443227044038;0.0014960230936507113;0.26683926665244767;0.2906505248824613;0.02381125823001362
400;40;31;40;0.9375621147769662;0.960643635280832;0.023081520503865804;0.06983630513219977;0.10876955490641127;0.038933249774211504
500;100;31;40;0.9934059485852841;0.993870556519195;4.6460793391089883E-4;0.3760168358444182;0.3934202330027373;0.017403397158319123
500;80;31;40;0.9922186152642273;0.9928534243370897;6.348090728623967E-4;0.3377690989257309;0.3572061070272474;0.019437008101516495
500;60;31;40;0.9890965270785208;0.9903291598922811;0.0012326328137602927;0.26624654381860047;0.2905862009221095;0.02433965710350905
500;40;31;40;0.945182786091877;0.9662632383854468;0.021080452293569807;0.06451985886161754;0.10278900095479093;0.03826914209317339
600;100;31;40;0.9944869625599583;0.9948929255833744;4.0596302341611157E-4;0.37550507495361707;0.3937027785481487;0.018197703594531656
600;80;31;40;0.9935154133026735;0.9940518394145142;5.364261118407931E-4;0.33805788321955377;0.3577656411828257;0.019707757963271955
600;60;31;40;0.990909710409346;0.991928673985024;0.0010189635756781001;0.2665171113154519;0.2906046873158713;0.024087576000419386
600;40;31;40;0.9585235627929929;0.9735877065247653;0.01506414373177245;0.07152384442357566;0.10942537176323648;0.03790152733966082
700;100;31;40;0.9952654696889301;0.995605332703661;3.39863014730879E-4;0.3752389635492748;0.39293920065673105;0.017700237107456274
700;80;31;40;0.994420175644223;0.9948934985731834;4.7332292896040684E-4;0.337393672371185;0.35759635712389976;0.02020268475271475
700;60;31;40;0.9921256432078891;0.9930129282008031;8.87284992914017E-4;0.2646973854960464;0.28879347884127055;0.024096093345224168
700;40;31;40;0.9614013009358869;0.9759047887782458;0.014503487842358886;0.06643665885455807;0.10371783046128746;0.03728117160672939
800;100;31;40;0.9958495391462018;0.9961515804082464;3.0204126204458337E-4;0.37493856776280676;0.3928787031510011;0.017940135388194334
800;80;31;40;0.9951331542766348;0.9955387745226233;4.0562024598844726E-4;0.33826534345471043;0.3581037416828262;0.019838398228115783
800;60;31;40;0.9931401297320671;0.9939299349519458;7.898052198787031E-4;0.26575238976816534;0.29045667105670797;0.02470428128854263
800;40;31;40;0.9632064165685262;0.9782129019127456;0.015006485344219334;0.06142647427144586;0.10091897661392579;0.03949250234247993
900;100;31;40;0.9963012631742814;0.9965686760949185;2.674129206371445E-4;0.37444618646530325;0.3922472653220473;0.017801078856744035
900;80;31;40;0.9956756702439535;0.9960296589278159;3.539886838623829E-4;0.3384782180788303;0.3579385824082318;0.019460364329401514
900;60;31;40;0.9939113717794801;0.9945842823707488;6.729105912687272E-4;0.2661934088694144;0.28982623260524254;0.023632823735828146
900;40;31;40;0.9670385055114841;0.9806062646353124;0.013567759123828349;0.06120608813416266;0.10101233644494766;0.039806248310785
1000;100;31;40;0.9966678462789507;0.9969144730162368;2.466267372861486E-4;0.374300939828124;0.3925357808332789;0.018234841005154878
1000;80;31;40;0.996104666557695;0.9964269088669795;3.222423092844595E-4;0.3383770460968137;0.358044112071902;0.019667065975088327
1000;60;31;40;0.9944905741473596;0.9951196306704411;6.290565230814282E-4;0.26525382631893474;0.28967437673235835;0.024420550413423614
1000;40;31;40;0.972785128765837;0.9833200150590756;0.010534886293238621;0.06671950622166695;0.10546895393521705;0.0387494477135501
