"","species","value"
"1","Pinus banksiana",0.00157025776215258
"2","Pinus banksiana",-3.94983150706349e-06
"3","Pinus banksiana",2.32595886793069e-07
"4","Pinus banksiana",-3.63921958142053e-06
"5","Pinus banksiana",2.25321393475919e-07
"6","Pinus banksiana",3.78938720916501e-07
"7","Pinus banksiana",-4.78745330485e-06
"8","Pinus banksiana",-2.38915463192804e-08
"9","Pinus banksiana",-3.48039029491276e-09
"10","Pinus banksiana",8.28787837079362e-07
"11","Pinus banksiana",5.54917179509319e-05
"12","Pinus banksiana",-2.19315468419485e-08
"13","Pinus banksiana",2.46281032573803e-09
"14","Pinus banksiana",5.49159493925888e-09
"15","Pinus banksiana",2.52947586693658e-06
"16","Pinus banksiana",-2.53972563943132e-06
"17","Pinus banksiana",8.04976554094692e-10
"18","Pinus banksiana",-5.35412786588397e-10
"19","Pinus banksiana",-3.22570404047075e-09
"20","Pinus banksiana",-5.93246381900402e-08
"21","Pinus banksiana",8.54920684727895e-09
"22","Pinus banksiana",1.79421496600512e-05
"23","Pinus banksiana",5.33016460200364e-08
"24","Pinus banksiana",1.30035265197302e-07
"25","Pinus banksiana",-6.80334589048573e-07
"26","Pinus banksiana",-2.21066702482317e-08
"27","Pinus banksiana",-4.25687228535552e-09
"28","Pinus banksiana",1.30297036174557e-05
"29","Pinus banksiana",-5.81813331465388e-05
"30","Pinus banksiana",3.4321908185283e-09
"31","Pinus banksiana",-6.1940541918202e-08
"32","Pinus banksiana",-9.73748173166396e-08
"33","Pinus banksiana",-3.0513849987305e-06
"34","Pinus banksiana",7.61261660829669e-08
"35","Pinus banksiana",9.27630350786222e-07
"36","Pinus banksiana",5.98237855807953e-06
"37","Pinus banksiana",2.11027743269731e-07
"38","Pinus banksiana",-1.5238089782499e-08
"39","Pinus banksiana",-2.4760286720455e-08
"40","Pinus banksiana",-4.16311854096739e-10
"41","Pinus banksiana",-4.72199489216173e-10
"42","Pinus banksiana",7.67260807024405e-11
"43","Pinus banksiana",-7.50238665139695e-09
"44","Pinus banksiana",4.34568726656854e-09
"45","Pinus banksiana",1.78119313979167e-09
"46","Acer saccharum",0.0197640667852238
"47","Acer saccharum",-4.14488378646028e-06
"48","Acer saccharum",1.37806144122647e-07
"49","Acer saccharum",-3.96601375543132e-06
"50","Acer saccharum",1.68661979998536e-07
"51","Acer saccharum",3.1831695915031e-07
"52","Acer saccharum",-1.01281735985233e-05
"53","Acer saccharum",2.03380767865217e-08
"54","Acer saccharum",7.37974394584824e-09
"55","Acer saccharum",1.53731377548268e-06
"56","Acer saccharum",-3.07506118605758e-06
"57","Acer saccharum",6.83501518797921e-11
"58","Acer saccharum",-8.76544018292636e-12
"59","Acer saccharum",1.17585748544295e-09
"60","Acer saccharum",5.1554951017621e-10
"61","Acer saccharum",-0.0003114947221554
"62","Acer saccharum",-2.46138570984544e-08
"63","Acer saccharum",-9.24612249879532e-08
"64","Acer saccharum",-2.98582618470209e-07
"65","Acer saccharum",3.63736354329837e-08
"66","Acer saccharum",1.06632271162256e-05
"67","Acer saccharum",8.25987334467324e-05
"68","Acer saccharum",4.90120533724086e-08
"69","Acer saccharum",2.33224288337662e-08
"70","Acer saccharum",1.98446652106914e-07
"71","Acer saccharum",-4.17985662709e-09
"72","Acer saccharum",-7.15592719938608e-06
"73","Acer saccharum",9.40901146049718e-06
"74","Acer saccharum",1.15641738104248e-07
"75","Acer saccharum",-6.36153624886669e-09
"76","Acer saccharum",-1.14855152689533e-08
"77","Acer saccharum",3.98099245137375e-10
"78","Acer saccharum",4.48704181856698e-12
"79","Acer saccharum",5.15706111609977e-10
"80","Acer saccharum",7.10026900571481e-10
"81","Acer saccharum",5.72137433999201e-10
"82","Picea mariana",0.0065791685877141
"83","Picea mariana",-1.33261340035625e-05
"84","Picea mariana",9.99401580754369e-07
"85","Picea mariana",-8.71495647196244e-06
"86","Picea mariana",6.82651869877789e-07
"87","Picea mariana",7.59884874988644e-07
"88","Picea mariana",-5.15163480588724e-05
"89","Picea mariana",1.02680739770873e-07
"90","Picea mariana",3.3670120677043e-08
"91","Picea mariana",2.36964010131767e-06
"92","Picea mariana",-1.46868246801055e-05
"93","Picea mariana",1.11803310799089e-08
"94","Picea mariana",8.4232124640094e-09
"95","Picea mariana",1.309940950266e-07
"96","Picea mariana",1.92898620626926e-07
"97","Picea mariana",-0.000262703704965432
"98","Picea mariana",1.91547449035969e-07
"99","Picea mariana",1.23694513292372e-07
"100","Picea mariana",2.43868123070976e-06
"101","Picea mariana",1.2032871203703e-06
"102","Picea mariana",2.18862843562736e-05
"103","Picea mariana",0.000158882628008954
"104","Picea mariana",-4.78313092893491e-07
"105","Picea mariana",-3.54189807339225e-07
"106","Picea mariana",-2.68160877904665e-06
"107","Picea mariana",-2.81577653407228e-06
"108","Picea mariana",-2.88721446474773e-05
"109","Picea mariana",6.15920475731953e-05
"110","Picea mariana",5.97397245101337e-07
"111","Picea mariana",-5.00631033163043e-08
"112","Picea mariana",-5.54174593485587e-08
"113","Picea mariana",-6.38963116575506e-10
"114","Picea mariana",-1.0246611025756e-09
"115","Picea mariana",-9.07522056963824e-09
"116","Picea mariana",2.78566990316397e-08
"117","Picea mariana",4.34732389651156e-09
"118","Populus tremuloides",0.0368071970163224
"119","Populus tremuloides",-1.29216170856453e-05
"120","Populus tremuloides",4.08151957919298e-07
"121","Populus tremuloides",-2.07561928978666e-05
"122","Populus tremuloides",3.89958803406803e-07
"123","Populus tremuloides",6.74169922516365e-07
"124","Populus tremuloides",-2.82764327274827e-05
"125","Populus tremuloides",-5.33722697815129e-09
"126","Populus tremuloides",8.42286681774749e-08
"127","Populus tremuloides",5.98052955668719e-06
"128","Populus tremuloides",3.76871817687498e-05
"129","Populus tremuloides",-2.29230124879251e-08
"130","Populus tremuloides",-3.676451059247e-08
"131","Populus tremuloides",-1.65309557463895e-08
"132","Populus tremuloides",2.08747967858785e-07
"133","Populus tremuloides",-0.000688952512388142
"134","Populus tremuloides",4.39914595001993e-07
"135","Populus tremuloides",7.58323946974377e-07
"136","Populus tremuloides",5.72089743256069e-07
"137","Populus tremuloides",-2.20852909912292e-06
"138","Populus tremuloides",3.89966313747121e-05
"139","Populus tremuloides",-0.000326260350915094
"140","Populus tremuloides",1.62117427307754e-08
"141","Populus tremuloides",5.31818501307317e-08
"142","Populus tremuloides",-1.4731769643851e-07
"143","Populus tremuloides",-3.65651377351104e-07
"144","Populus tremuloides",4.12774121738093e-06
"145","Populus tremuloides",3.34080049218229e-06
"146","Populus tremuloides",0.000231664405505037
"147","Populus tremuloides",-1.6478498731957e-07
"148","Populus tremuloides",-3.39529568364067e-08
"149","Populus tremuloides",-1.87288928940536e-06
"150","Populus tremuloides",-1.34036451435677e-07
"151","Populus tremuloides",5.82460385839061e-06
"152","Populus tremuloides",-2.72869384826089e-06
"153","Populus tremuloides",5.3148812976314e-05
"154","Populus tremuloides",8.7845159872894e-07
"155","Populus tremuloides",-2.13327814859369e-08
"156","Populus tremuloides",-3.43471760581813e-08
"157","Populus tremuloides",-5.74894447802434e-09
"158","Populus tremuloides",1.28634562588125e-09
"159","Populus tremuloides",-2.2978680530611e-08
"160","Populus tremuloides",-3.17292571504648e-09
"161","Populus tremuloides",-2.69511881205469e-09
"162","Populus tremuloides",2.15125684398591e-09
"163","Abies balsamea",0.00746627614712605
"164","Abies balsamea",-3.65571111557716e-05
"165","Abies balsamea",2.60871902212699e-06
"166","Abies balsamea",-1.9553005511247e-05
"167","Abies balsamea",1.57782256383213e-06
"168","Abies balsamea",1.41891841454664e-06
"169","Abies balsamea",-8.35957680888826e-05
"170","Abies balsamea",-7.05016441543906e-08
"171","Abies balsamea",-6.25756521854506e-08
"172","Abies balsamea",9.0199566727481e-06
"173","Abies balsamea",-2.34541695795697e-05
"174","Abies balsamea",-9.31599868858102e-10
"175","Abies balsamea",-2.16470157632679e-08
"176","Abies balsamea",5.53344821549433e-08
"177","Abies balsamea",1.36255809862358e-07
"178","Abies balsamea",-0.000274486760367363
"179","Abies balsamea",-1.81464601324515e-07
"180","Abies balsamea",-1.74958495078771e-07
"181","Abies balsamea",2.51733274882031e-06
"182","Abies balsamea",1.40373187329412e-07
"183","Abies balsamea",2.51526145931235e-05
"184","Abies balsamea",1.3355645228198e-06
"185","Abies balsamea",-1.09691393336316e-07
"186","Abies balsamea",-9.6127037904881e-08
"187","Abies balsamea",7.17690816927977e-09
"188","Abies balsamea",3.28594861346847e-10
"189","Abies balsamea",1.31056246434501e-08
"190","Abies balsamea",7.2192049242653e-09
"191","Betula papyrifera",0.00227947661746852
"192","Betula papyrifera",-2.60392982057897e-05
"193","Betula papyrifera",1.33152004177326e-06
"194","Betula papyrifera",-2.10841825517785e-05
"195","Betula papyrifera",1.04064954198943e-06
"196","Betula papyrifera",1.298530818775e-06
"197","Betula papyrifera",-4.76621059978319e-05
"198","Betula papyrifera",-9.3283411726691e-08
"199","Betula papyrifera",-1.81953090973153e-07
"200","Betula papyrifera",8.78196604815587e-06
"201","Betula papyrifera",1.34750103339297e-05
"202","Betula papyrifera",5.56013212274265e-08
"203","Betula papyrifera",4.81115462097609e-07
"204","Betula papyrifera",-1.01451858907598e-06
"205","Betula papyrifera",6.27022235022505e-05
"206","Betula papyrifera",-5.74930296042679e-06
"207","Betula papyrifera",1.39815628259802e-08
"208","Betula papyrifera",9.25121000394917e-09
"209","Betula papyrifera",-2.61132950023707e-10
"210","Betula papyrifera",1.48524352475371e-07
"211","Betula papyrifera",2.17320493022598e-08
"212","Betula papyrifera",1.06410932113261e-06
"213","Betula papyrifera",-6.24550095087431e-08
"214","Betula papyrifera",-7.50024522524336e-08
"215","Betula papyrifera",4.7324012684715e-09
"216","Betula papyrifera",-2.28415668326218e-08
"217","Betula papyrifera",-3.73880049388148e-10
"218","Betula papyrifera",5.0758025149682e-09
"219","Picea glauca",0.0150766817375834
"220","Picea glauca",-9.84595637448044e-06
"221","Picea glauca",8.21746326136096e-07
"222","Picea glauca",-1.17774144537108e-05
"223","Picea glauca",6.83803990346176e-07
"224","Picea glauca",1.08922434198143e-06
"225","Picea glauca",-8.12979791218678e-05
"226","Picea glauca",6.38926109229153e-08
"227","Picea glauca",-1.70296285451455e-09
"228","Picea glauca",6.93931505683946e-06
"229","Picea glauca",-2.18567047046908e-05
"230","Picea glauca",-2.39413039075004e-08
"231","Picea glauca",-1.11232491764139e-08
"232","Picea glauca",1.07521994993337e-07
"233","Picea glauca",1.39498095130179e-07
"234","Picea glauca",-0.000452842194273891
"235","Picea glauca",-3.72840374257559e-08
"236","Picea glauca",1.64267726089248e-08
"237","Picea glauca",8.18686888365126e-07
"238","Picea glauca",-1.3500888364357e-08
"239","Picea glauca",1.88067269334868e-05
"240","Picea glauca",4.81196426826953e-07
"241","Picea glauca",-5.81000390532655e-10
"242","Picea glauca",-6.24535411744581e-09
"243","Picea glauca",-5.21936174546792e-09
"244","Picea glauca",6.40604063821098e-11
"245","Picea glauca",-1.95455227123578e-08
"246","Picea glauca",4.26439154249624e-09
"247","Picea glauca",9.22186141628127e-05
"248","Picea glauca",-6.60277373791366e-08
"249","Picea glauca",6.11334479781948e-08
"250","Picea glauca",-2.92409652136078e-06
"251","Picea glauca",2.51685552847284e-07
"252","Picea glauca",-1.74187025684472e-06
"253","Picea glauca",5.57268981286476e-08
"254","Picea glauca",7.59053582570642e-05
"255","Picea glauca",9.64481147953936e-07
"256","Picea glauca",-4.12287071138198e-08
"257","Picea glauca",-6.34373206036793e-08
"258","Picea glauca",-1.92354086363868e-09
"259","Picea glauca",-1.19111281398385e-09
"260","Picea glauca",-4.98611832286753e-09
"261","Picea glauca",4.84260482351542e-10
"262","Picea glauca",-1.84183496558131e-08
"263","Picea glauca",4.29811029434731e-09
"264","Fagus grandifolia",0.0038627897100335
"265","Fagus grandifolia",-5.38151086366525e-05
"266","Fagus grandifolia",1.94271646868643e-06
"267","Fagus grandifolia",-7.63615560850973e-05
"268","Fagus grandifolia",2.32734793158049e-06
"269","Fagus grandifolia",3.95430236440492e-06
"270","Fagus grandifolia",-0.000134898073826533
"271","Fagus grandifolia",4.73298534329888e-07
"272","Fagus grandifolia",5.42133427674927e-07
"273","Fagus grandifolia",1.62354466570366e-05
"274","Fagus grandifolia",-2.56752232125976e-05
"275","Fagus grandifolia",-9.23571227906034e-08
"276","Fagus grandifolia",-5.96333814993027e-08
"277","Fagus grandifolia",6.65089594372664e-07
"278","Fagus grandifolia",5.11021536938341e-07
"279","Fagus grandifolia",-2.45588467072445e-05
"280","Fagus grandifolia",3.24887409036771e-06
"281","Fagus grandifolia",4.45825075391374e-06
"282","Fagus grandifolia",5.49435428812709e-06
"283","Fagus grandifolia",-3.10356302304732e-06
"284","Fagus grandifolia",0.000135159291523121
"285","Fagus grandifolia",2.0425212103752e-06
"286","Fagus grandifolia",-8.41734529986522e-08
"287","Fagus grandifolia",-1.35713178100299e-07
"288","Fagus grandifolia",-2.09463110365113e-09
"289","Fagus grandifolia",1.73624551116789e-09
"290","Fagus grandifolia",-7.70589346629291e-08
"291","Fagus grandifolia",6.41956039851583e-09
"292","Pinus strobus",0.0122043640403671
"293","Pinus strobus",-1.93611054351525e-05
"294","Pinus strobus",7.76914328234784e-07
"295","Pinus strobus",-3.19027912493798e-05
"296","Pinus strobus",7.9882209442765e-07
"297","Pinus strobus",1.35138117132451e-06
"298","Pinus strobus",-5.67847552639637e-05
"299","Pinus strobus",2.0353224342591e-07
"300","Pinus strobus",3.79980593638687e-07
"301","Pinus strobus",1.65645884318947e-05
"302","Pinus strobus",0.000157707920455611
"303","Pinus strobus",1.27820247015602e-07
"304","Pinus strobus",-4.89308232366295e-08
"305","Pinus strobus",3.70512840412871e-07
"306","Pinus strobus",2.97756806134994e-06
"307","Pinus strobus",-2.86336174570375e-05
"308","Pinus strobus",-7.44244143991380e-09
"309","Pinus strobus",-2.49479735694135e-11
"310","Pinus strobus",-1.64138489954617e-07
"311","Pinus strobus",-3.25804268042981e-07
"312","Pinus strobus",9.19287169802164e-08
"313","Pinus strobus",0.000198917861303092
"314","Pinus strobus",1.87652086390115e-06
"315","Pinus strobus",1.57844984355424e-06
"316","Pinus strobus",4.40407012656732e-06
"317","Pinus strobus",4.15408055036275e-06
"318","Pinus strobus",-4.04885508345989e-07
"319","Pinus strobus",0.000189023455120862
"320","Pinus strobus",9.56018837395585e-07
"321","Pinus strobus",-2.62172053507201e-08
"322","Pinus strobus",-4.41427965637353e-08
"323","Pinus strobus",-1.45712454460372e-08
"324","Pinus strobus",2.78278381972313e-09
"325","Pinus strobus",-4.30817748396161e-10
"326","Pinus strobus",-7.60410472378614e-09
"327","Pinus strobus",2.02443806826592e-09
"328","Betula alleghaniensis",0.818611281964615
"329","Betula alleghaniensis",-0.000199779440896912
"330","Betula alleghaniensis",1.03976764007753e-06
"331","Betula alleghaniensis",-0.000242406787346431
"332","Betula alleghaniensis",1.53195671785677e-06
"333","Betula alleghaniensis",4.4965931827188e-06
"334","Betula alleghaniensis",0.00163192374994931
"335","Betula alleghaniensis",-1.39609860274728e-06
"336","Betula alleghaniensis",-1.95967296433153e-06
"337","Betula alleghaniensis",3.05464367963481e-05
"338","Betula alleghaniensis",-0.00601939482463603
"339","Betula alleghaniensis",1.91565201857583e-06
"340","Betula alleghaniensis",2.03768294029211e-06
"341","Betula alleghaniensis",-1.29810637890097e-05
"342","Betula alleghaniensis",5.05047291243569e-05
"343","Betula alleghaniensis",0.00144005093382288
"344","Betula alleghaniensis",-2.3441420926937e-07
"345","Betula alleghaniensis",-3.32203434321276e-07
"346","Betula alleghaniensis",2.89578815389932e-06
"347","Betula alleghaniensis",-9.56057536362599e-06
"348","Betula alleghaniensis",9.496277763112e-06
"349","Betula alleghaniensis",-5.46150292859332e-05
"350","Betula alleghaniensis",1.87466178961258e-09
"351","Betula alleghaniensis",3.48014109538698e-09
"352","Betula alleghaniensis",-1.47893062805056e-07
"353","Betula alleghaniensis",3.06254844166355e-07
"354","Betula alleghaniensis",-3.8225598015544e-08
"355","Betula alleghaniensis",6.71688899902859e-09
"356","Betula alleghaniensis",-6.3749367905733e-05
"357","Betula alleghaniensis",-2.26740024379385e-09
"358","Betula alleghaniensis",2.73792815151795e-09
"359","Betula alleghaniensis",5.91785114500082e-08
"360","Betula alleghaniensis",2.57997673232812e-07
"361","Betula alleghaniensis",-8.45218135832405e-07
"362","Betula alleghaniensis",-3.40616982388391e-09
"363","Betula alleghaniensis",9.81941788958263e-08
"364","Betula alleghaniensis",0.00566153176648354
"365","Betula alleghaniensis",-5.97401789746974e-06
"366","Betula alleghaniensis",-2.57598256333058e-06
"367","Betula alleghaniensis",2.89777747825596e-05
"368","Betula alleghaniensis",-5.12635198736036e-05
"369","Betula alleghaniensis",-3.09239312570786e-05
"370","Betula alleghaniensis",-4.85923304672653e-07
"371","Betula alleghaniensis",3.2273920471268e-06
"372","Betula alleghaniensis",0.000743977904066314
"373","Betula alleghaniensis",1.25338531964985e-06
"374","Betula alleghaniensis",-5.57846090602703e-08
"375","Betula alleghaniensis",-1.52362307002663e-07
"376","Betula alleghaniensis",4.74202839084972e-08
"377","Betula alleghaniensis",-5.96210847978425e-09
"378","Betula alleghaniensis",-7.5108971976076e-10
"379","Betula alleghaniensis",-9.01875249022626e-11
"380","Betula alleghaniensis",9.72783325414267e-10
"381","Betula alleghaniensis",-2.50378197041064e-08
"382","Betula alleghaniensis",7.37710873314211e-09
"383","Pinus resinosa",0.00596553804618595
"384","Pinus resinosa",-3.52452765324883e-05
"385","Pinus resinosa",1.34789870668196e-06
"386","Pinus resinosa",-3.99233889744396e-05
"387","Pinus resinosa",1.11064840575131e-06
"388","Pinus resinosa",1.64667554854721e-06
"389","Pinus resinosa",-0.00010185121623983
"390","Pinus resinosa",2.54019570594583e-07
"391","Pinus resinosa",4.36676998276278e-07
"392","Pinus resinosa",1.20043167711903e-05
"393","Pinus resinosa",-2.16102482844051e-05
"394","Pinus resinosa",1.63631642539574e-08
"395","Pinus resinosa",4.40589428436736e-08
"396","Pinus resinosa",9.57451664046479e-08
"397","Pinus resinosa",1.03772042612542e-07
"398","Pinus resinosa",0.000504340489519351
"399","Pinus resinosa",-1.83311489401954e-06
"400","Pinus resinosa",-3.72448943793569e-07
"401","Pinus resinosa",-2.92272736368737e-06
"402","Pinus resinosa",-1.76275329914396e-06
"403","Pinus resinosa",0.000180182203555804
"404","Pinus resinosa",1.4024732630066e-06
"405","Pinus resinosa",-5.33724891006079e-08
"406","Pinus resinosa",-7.024121379181e-08
"407","Pinus resinosa",-2.37167331306414e-08
"408","Pinus resinosa",-9.86457192805814e-10
"409","Pinus resinosa",-1.72553135535387e-08
"410","Pinus resinosa",3.74197647691432e-09
"411","Fraxinus americana",0.00889249291494519
"412","Fraxinus americana",-6.50211508207141e-05
"413","Fraxinus americana",2.62203668322539e-06
"414","Fraxinus americana",-8.87891074409677e-05
"415","Fraxinus americana",2.96277037629344e-06
"416","Fraxinus americana",4.99456127630714e-06
"417","Fraxinus americana",-0.000253099100657653
"418","Fraxinus americana",5.47549474066258e-07
"419","Fraxinus americana",9.78056093027527e-07
"420","Fraxinus americana",3.29225672020613e-05
"421","Fraxinus americana",-0.0007809578122491
"422","Fraxinus americana",-7.84879100380291e-07
"423","Fraxinus americana",-1.67782490040989e-07
"424","Fraxinus americana",6.86116782585653e-06
"425","Fraxinus americana",0.000108867505149776
"426","Fraxinus americana",-0.000733896869314252
"427","Fraxinus americana",6.44133508581105e-06
"428","Fraxinus americana",7.14845269586297e-06
"429","Fraxinus americana",2.3804609393978e-05
"430","Fraxinus americana",6.04643899243505e-05
"431","Fraxinus americana",0.000314381018441307
"432","Fraxinus americana",2.43653112436506e-06
"433","Fraxinus americana",-1.14812968885734e-07
"434","Fraxinus americana",-1.92390302842681e-07
"435","Fraxinus americana",-8.94393157624062e-09
"436","Fraxinus americana",3.80512114108163e-08
"437","Fraxinus americana",2.0124500624114e-08
"438","Fraxinus americana",9.71537306114203e-09
"439","Acer rubrum",0.149170742127394
"440","Acer rubrum",-4.23396871668676e-05
"441","Acer rubrum",3.54087391530027e-06
"442","Acer rubrum",-7.89985473352534e-05
"443","Acer rubrum",3.10203679643223e-06
"444","Acer rubrum",4.17407288305498e-06
"445","Acer rubrum",-0.000359105699527776
"446","Acer rubrum",-2.96048513008852e-07
"447","Acer rubrum",-1.05992131406489e-06
"448","Acer rubrum",3.04330496683167e-05
"449","Acer rubrum",-2.44118025724014e-05
"450","Acer rubrum",-6.38320965042237e-09
"451","Acer rubrum",1.46565235361683e-09
"452","Acer rubrum",3.71721219811768e-08
"453","Acer rubrum",4.54699803657335e-09
"454","Acer rubrum",-0.0015860528705289
"455","Acer rubrum",-2.19892327679799e-06
"456","Acer rubrum",-2.17534323150803e-06
"457","Acer rubrum",4.79843965234544e-06
"458","Acer rubrum",1.63800738249212e-07
"459","Acer rubrum",9.14630910913565e-05
"460","Acer rubrum",-0.000365342370525408
"461","Acer rubrum",3.43622796534856e-06
"462","Acer rubrum",3.44888434873622e-06
"463","Acer rubrum",-4.93539189769439e-06
"464","Acer rubrum",2.15983678356716e-08
"465","Acer rubrum",-8.30554361505756e-05
"466","Acer rubrum",0.000177867854673172
"467","Acer rubrum",3.9313173034335e-06
"468","Acer rubrum",-1.42791716615124e-07
"469","Acer rubrum",-1.74626777327642e-07
"470","Acer rubrum",3.66380823875995e-08
"471","Acer rubrum",-1.38340762610341e-10
"472","Acer rubrum",1.79655971235175e-09
"473","Acer rubrum",-6.43382875979798e-08
"474","Acer rubrum",9.86892162059395e-09
"475","Quercus rubra",0.0967161537552147
"476","Quercus rubra",-5.85270656298215e-05
"477","Quercus rubra",1.25018277035377e-06
"478","Quercus rubra",-0.000143016961357073
"479","Quercus rubra",1.74621700136185e-06
"480","Quercus rubra",4.05391645983886e-06
"481","Quercus rubra",0.000210457845021703
"482","Quercus rubra",2.4553507975148e-07
"483","Quercus rubra",2.68868501795165e-07
"484","Quercus rubra",1.68973330146469e-05
"485","Quercus rubra",-0.0035707193970412
"486","Quercus rubra",1.3144591832487e-06
"487","Quercus rubra",3.42137889368384e-06
"488","Quercus rubra",-1.70225938748932e-05
"489","Quercus rubra",0.000147355738794966
"490","Quercus rubra",0.00210030893797852
"491","Quercus rubra",-3.17004074563921e-06
"492","Quercus rubra",-4.03913606449247e-06
"493","Quercus rubra",2.32872109050923e-05
"494","Quercus rubra",-0.000120050660736201
"495","Quercus rubra",0.000183853420103072
"496","Quercus rubra",2.2338432156634e-06
"497","Quercus rubra",-4.5967519494721e-08
"498","Quercus rubra",-1.07819156447796e-07
"499","Quercus rubra",-2.67022625091113e-09
"500","Quercus rubra",-3.22716743448881e-08
"501","Quercus rubra",3.80347441493956e-08
"502","Quercus rubra",3.69446010721339e-09
"503","Thuja occidentalis",0.0227234166774197
"504","Thuja occidentalis",-4.65452710660744e-05
"505","Thuja occidentalis",2.22509178010635e-06
"506","Thuja occidentalis",-1.73051084587031e-05
"507","Thuja occidentalis",1.50401517805316e-06
"508","Thuja occidentalis",1.7004424186006e-06
"509","Thuja occidentalis",-0.000474018832173831
"510","Thuja occidentalis",-7.45797567515858e-07
"511","Thuja occidentalis",-5.97941651996967e-07
"512","Thuja occidentalis",4.37216495155278e-05
"513","Thuja occidentalis",-0.000856068420055758
"514","Thuja occidentalis",-3.60394226918665e-07
"515","Thuja occidentalis",-7.08216858950388e-07
"516","Thuja occidentalis",1.08373785276192e-05
"517","Thuja occidentalis",6.64474128097204e-05
"518","Thuja occidentalis",-1.42249410794666e-05
"519","Thuja occidentalis",1.51433395040732e-08
"520","Thuja occidentalis",-3.03978947966479e-08
"521","Thuja occidentalis",3.00226354652185e-07
"522","Thuja occidentalis",-1.30119186661508e-06
"523","Thuja occidentalis",1.31185062296458e-07
"524","Thuja occidentalis",0.000917010188139163
"525","Thuja occidentalis",-1.21436269540086e-06
"526","Thuja occidentalis",7.24244289136339e-07
"527","Thuja occidentalis",3.56988708566072e-06
"528","Thuja occidentalis",-4.13393214056885e-05
"529","Thuja occidentalis",4.17526455729801e-07
"530","Thuja occidentalis",0.000390108377138642
"531","Thuja occidentalis",1.15061737470819e-06
"532","Thuja occidentalis",-6.75697228479509e-08
"533","Thuja occidentalis",-7.16374843647667e-08
"534","Thuja occidentalis",4.66131224999632e-09
"535","Thuja occidentalis",-3.04086132630821e-08
"536","Thuja occidentalis",3.20483948210697e-09
"537","Thuja occidentalis",2.09161288849503e-09
"538","Thuja occidentalis",3.7018713442367e-09
"539","Ostrya virginiana",0.261371716320989
"540","Ostrya virginiana",-0.000204715050047813
"541","Ostrya virginiana",1.98402379741725e-05
"542","Ostrya virginiana",-0.000108221998715027
"543","Ostrya virginiana",1.29640262416042e-05
"544","Ostrya virginiana",1.19483532735574e-05
"545","Ostrya virginiana",-0.000264859120541166
"546","Ostrya virginiana",-1.77562289478913e-06
"547","Ostrya virginiana",-2.25580719783937e-06
"548","Ostrya virginiana",2.5285853762938e-05
"549","Ostrya virginiana",1.37607764359309e-05
"550","Ostrya virginiana",-3.00134542859611e-08
"551","Ostrya virginiana",-1.14802123473172e-08
"552","Ostrya virginiana",-1.48879731725364e-08
"553","Ostrya virginiana",1.26395161686877e-08
"554","Ostrya virginiana",-0.00256681149243374
"555","Ostrya virginiana",8.62555902347302e-07
"556","Ostrya virginiana",-1.40165207719498e-06
"557","Ostrya virginiana",4.46544520967294e-07
"558","Ostrya virginiana",1.3620185972975e-07
"559","Ostrya virginiana",0.000126822836069153
"560","Ostrya virginiana",-0.00255863910507741
"561","Ostrya virginiana",-4.25670135342116e-07
"562","Ostrya virginiana",-5.787718060104e-07
"563","Ostrya virginiana",1.91307953340651e-06
"564","Ostrya virginiana",-2.90571091683812e-07
"565","Ostrya virginiana",1.11081162688695e-05
"566","Ostrya virginiana",2.87502272933947e-05
"567","Ostrya virginiana",-0.00210004956794361
"568","Ostrya virginiana",3.25195755061799e-06
"569","Ostrya virginiana",7.6183140753097e-07
"570","Ostrya virginiana",3.56990939069323e-06
"571","Ostrya virginiana",1.05093259653302e-07
"572","Ostrya virginiana",0.00015779222668618
"573","Ostrya virginiana",2.36793433153188e-06
"574","Ostrya virginiana",0.000443831381385792
"575","Ostrya virginiana",9.57327969136657e-07
"576","Ostrya virginiana",-9.58347168203848e-07
"577","Ostrya virginiana",-8.16169617618998e-07
"578","Ostrya virginiana",1.34927636551945e-07
"579","Ostrya virginiana",6.57919296181664e-10
"580","Ostrya virginiana",1.25216490571919e-07
"581","Ostrya virginiana",9.62790703074811e-08
"582","Ostrya virginiana",7.09883289459597e-08
"583","Ostrya virginiana",6.35106494252965e-08
"584","Tilia americana",0.0201030854322218
"585","Tilia americana",-0.000145181893089948
"586","Tilia americana",4.5252382223234e-06
"587","Tilia americana",-0.00020290017898998
"588","Tilia americana",5.66682096227478e-06
"589","Tilia americana",1.10542603298552e-05
"590","Tilia americana",-0.000360485499611211
"591","Tilia americana",-6.28643698460539e-07
"592","Tilia americana",-6.49636212365848e-07
"593","Tilia americana",5.52685131036966e-05
"594","Tilia americana",-0.00184775668251348
"595","Tilia americana",2.86197502055251e-06
"596","Tilia americana",3.43944428175627e-06
"597","Tilia americana",1.46647561627575e-05
"598","Tilia americana",0.000230397496920405
"599","Tilia americana",6.01993978634287e-06
"600","Tilia americana",-2.06071455563262e-07
"601","Tilia americana",-3.85326446321388e-07
"602","Tilia americana",5.09686868809168e-09
"603","Tilia americana",-1.14300099227811e-07
"604","Tilia americana",1.78234679491924e-08
"605","Prunus serotina",0.363320541270147
"606","Prunus serotina",-2.98001817691207e-05
"607","Prunus serotina",3.8472941605958e-06
"608","Prunus serotina",-0.000146793821249172
"609","Prunus serotina",3.42031874957972e-06
"610","Prunus serotina",6.45668803360631e-06
"611","Prunus serotina",4.9191718570096e-05
"612","Prunus serotina",4.65378356588963e-07
"613","Prunus serotina",1.07097121278699e-06
"614","Prunus serotina",6.08256871026633e-05
"615","Prunus serotina",0.00185016931831045
"616","Prunus serotina",-1.06678373660474e-06
"617","Prunus serotina",5.13086828440472e-06
"618","Prunus serotina",-1.34053184690972e-05
"619","Prunus serotina",0.000126171755268541
"620","Prunus serotina",-5.24898650067134e-05
"621","Prunus serotina",4.9379107474967e-09
"622","Prunus serotina",-1.23511670349581e-08
"623","Prunus serotina",-1.33325947442732e-07
"624","Prunus serotina",-4.66953392410777e-07
"625","Prunus serotina",1.2973329607048e-08
"626","Prunus serotina",-0.00432905315449084
"627","Prunus serotina",2.99239377504047e-06
"628","Prunus serotina",-1.88704706281023e-05
"629","Prunus serotina",4.63295879896041e-06
"630","Prunus serotina",-0.000322321729194899
"631","Prunus serotina",1.91206323085297e-06
"632","Prunus serotina",0.00104064963159868
"633","Prunus serotina",-0.00257260323532463
"634","Prunus serotina",-4.83436877907216e-06
"635","Prunus serotina",1.14031181685051e-05
"636","Prunus serotina",1.62634634917695e-06
"637","Prunus serotina",0.000158970977101832
"638","Prunus serotina",-1.02842366412813e-06
"639","Prunus serotina",-0.000603308949622258
"640","Prunus serotina",0.000526179257710756
"641","Prunus serotina",3.09243259518978e-06
"642","Prunus serotina",-1.51395364283484e-07
"643","Prunus serotina",-2.82205128664156e-07
"644","Prunus serotina",1.05390571998377e-08
"645","Prunus serotina",-2.23908083724498e-07
"646","Prunus serotina",1.00099693215341e-09
"647","Prunus serotina",7.1457865050237e-07
"648","Prunus serotina",-4.79716115243529e-07
"649","Prunus serotina",1.5948037892292e-08
"650","Tsuga canadensis",0.139027373229886
"651","Tsuga canadensis",-0.000153761991384471
"652","Tsuga canadensis",2.28660330573659e-06
"653","Tsuga canadensis",-0.000179096141975109
"654","Tsuga canadensis",2.722685093131e-06
"655","Tsuga canadensis",5.34775426812585e-06
"656","Tsuga canadensis",-0.000414469770579744
"657","Tsuga canadensis",7.47631676227412e-07
"658","Tsuga canadensis",-5.32611506453399e-07
"659","Tsuga canadensis",2.74586529540268e-05
"660","Tsuga canadensis",-4.36268612649632e-05
"661","Tsuga canadensis",-3.27260905384499e-09
"662","Tsuga canadensis",6.49757722630497e-08
"663","Tsuga canadensis",1.40947373512288e-07
"664","Tsuga canadensis",1.33268891739692e-07
"665","Tsuga canadensis",-0.00798479455662124
"666","Tsuga canadensis",4.67970071017859e-06
"667","Tsuga canadensis",1.45024703487212e-05
"668","Tsuga canadensis",4.77027442934479e-05
"669","Tsuga canadensis",2.76448308684191e-06
"670","Tsuga canadensis",0.00120711591504363
"671","Tsuga canadensis",-0.00688246580697368
"672","Tsuga canadensis",3.15258714918325e-06
"673","Tsuga canadensis",2.6696476741331e-06
"674","Tsuga canadensis",1.20982985028801e-05
"675","Tsuga canadensis",7.05606804614078e-07
"676","Tsuga canadensis",0.000396913132279728
"677","Tsuga canadensis",0.000374959914746672
"678","Tsuga canadensis",5.69868199186948e-07
"679","Tsuga canadensis",-5.85558963752228e-08
"680","Tsuga canadensis",-1.38111596365144e-07
"681","Tsuga canadensis",4.88444778192506e-08
"682","Tsuga canadensis",-1.43693611889677e-09
"683","Tsuga canadensis",-1.30248554307177e-07
"684","Tsuga canadensis",7.09348137498436e-08
"685","Tsuga canadensis",5.74419811340162e-09
"686","Populus balsamifera",0.0374999961982527
"687","Populus balsamifera",-5.72459565511656e-05
"688","Populus balsamifera",4.92029384218748e-06
"689","Populus balsamifera",-8.19412341530384e-05
"690","Populus balsamifera",4.57309978649108e-06
"691","Populus balsamifera",7.29610480307483e-06
"692","Populus balsamifera",-0.000705254067773062
"693","Populus balsamifera",1.28050898988e-07
"694","Populus balsamifera",1.36169861048082e-06
"695","Populus balsamifera",8.2074521685797e-05
"696","Populus balsamifera",-0.000184672453662838
"697","Populus balsamifera",-6.86635772704366e-07
"698","Populus balsamifera",-4.38312493366397e-07
"699","Populus balsamifera",-1.90320109862675e-06
"700","Populus balsamifera",5.58775892245697e-06
"701","Populus balsamifera",-1.70603694332676e-05
"702","Populus balsamifera",-1.58717427820051e-08
"703","Populus balsamifera",-1.76759383948549e-08
"704","Populus balsamifera",2.01499144316114e-07
"705","Populus balsamifera",5.71151943629375e-09
"706","Populus balsamifera",1.09642739902742e-08
"707","Populus balsamifera",4.23856631020773e-06
"708","Populus balsamifera",-2.23552498056058e-07
"709","Populus balsamifera",-3.34903141943776e-07
"710","Populus balsamifera",-8.84563653729984e-08
"711","Populus balsamifera",3.53917665460848e-09
"712","Populus balsamifera",3.17270110232263e-10
"713","Populus balsamifera",1.99633282870307e-08
"714","Carya sp.",1.1117899056376
"715","Carya sp.",-0.000114368750247086
"716","Carya sp.",7.89187601852425e-06
"717","Carya sp.",-0.000155207466291341
"718","Carya sp.",8.40120852661034e-06
"719","Carya sp.",1.39222483222503e-05
"720","Carya sp.",-8.7315507940438e-05
"721","Carya sp.",-1.03841828087876e-06
"722","Carya sp.",-1.17777911804134e-06
"723","Carya sp.",4.5838816907568e-05
"724","Carya sp.",-0.000165357738955261
"725","Carya sp.",2.9483617197158e-08
"726","Carya sp.",4.51710278994804e-08
"727","Carya sp.",9.44356161191655e-08
"728","Carya sp.",2.81954830512969e-08
"729","Carya sp.",-0.0205233771881913
"730","Carya sp.",-1.05488278021614e-05
"731","Carya sp.",-1.29568299133854e-05
"732","Carya sp.",-1.59507285432353e-05
"733","Carya sp.",2.18157138945284e-06
"734","Carya sp.",0.000690351996190592
"735","Carya sp.",0.00642608287970537
"736","Carya sp.",1.28496924040637e-06
"737","Carya sp.",-1.07225552912351e-06
"738","Carya sp.",-2.66989816317021e-05
"739","Carya sp.",-9.95238868645235e-07
"740","Carya sp.",-0.000284473981312175
"741","Carya sp.",0.000394238396777176
"742","Carya sp.",5.79149643643507e-06
"743","Carya sp.",-3.7288346453773e-07
"744","Carya sp.",-5.68184525293181e-07
"745","Carya sp.",4.48920054853031e-08
"746","Carya sp.",-8.4024561144113e-10
"747","Carya sp.",3.05188437057278e-07
"748","Carya sp.",-1.87739922166123e-08
"749","Carya sp.",2.8291336650332e-08
"750","Larix laricina",0.361953093995214
"751","Larix laricina",-0.000502446674358904
"752","Larix laricina",1.72487463228097e-05
"753","Larix laricina",-0.000242258493442763
"754","Larix laricina",1.53034647643954e-05
"755","Larix laricina",2.77406874559289e-05
"756","Larix laricina",-0.000814306444519795
"757","Larix laricina",6.51275563089947e-06
"758","Larix laricina",3.09431847081744e-06
"759","Larix laricina",0.000231664681479416
"760","Larix laricina",-0.0010588048416545
"761","Larix laricina",3.30329287894179e-07
"762","Larix laricina",2.71093526149501e-07
"763","Larix laricina",-4.13994986966323e-06
"764","Larix laricina",5.02744894477522e-06
"765","Larix laricina",0.00413620680510583
"766","Larix laricina",-1.73885937461516e-06
"767","Larix laricina",9.54247652800272e-07
"768","Larix laricina",1.20590016461513e-05
"769","Larix laricina",-9.24446758612555e-06
"770","Larix laricina",8.92500486872249e-05
"771","Larix laricina",-0.00199559916253683
"772","Larix laricina",4.90639854194188e-06
"773","Larix laricina",-7.59817524883762e-06
"774","Larix laricina",5.51371819905515e-05
"775","Larix laricina",-8.99577326605567e-06
"776","Larix laricina",7.76285479203476e-05
"777","Larix laricina",0.000632223121259493
"778","Larix laricina",4.10730391576867e-06
"779","Larix laricina",-9.09308172244729e-07
"780","Larix laricina",-1.61936098803761e-06
"781","Larix laricina",-9.93751671073385e-08
"782","Larix laricina",-2.89412799143368e-08
"783","Larix laricina",-1.90959074218062e-07
"784","Larix laricina",9.10730907838908e-07
"785","Larix laricina",1.08686691208433e-07
"786","Quercus sp.",0.0358719386683551
"787","Quercus sp.",-0.000279428886759098
"788","Quercus sp.",5.95956706974447e-06
"789","Quercus sp.",-0.000379619470236365
"790","Quercus sp.",8.99035045276928e-06
"791","Quercus sp.",2.30438096043222e-05
"792","Quercus sp.",-0.00168883253040563
"793","Quercus sp.",5.73562394923402e-06
"794","Quercus sp.",5.66287114681532e-06
"795","Quercus sp.",0.000162656256920906
"796","Quercus sp.",-0.000404228498350057
"797","Quercus sp.",4.56289663356521e-07
"798","Quercus sp.",-7.69529618434069e-07
"799","Quercus sp.",1.45344336058884e-05
"800","Quercus sp.",8.74910705730198e-06
"801","Quercus sp.",7.23012240067137e-06
"802","Quercus sp.",-2.32201150174886e-07
"803","Quercus sp.",-6.30033877181304e-07
"804","Quercus sp.",-3.60513844299032e-09
"805","Quercus sp.",2.24974434889144e-08
"806","Quercus sp.",2.1301025814685e-08
"807","Populus grandidentata",0.209707846934981
"808","Populus grandidentata",6.79935754094302e-05
"809","Populus grandidentata",1.35961559888129e-05
"810","Populus grandidentata",0.000202518715468418
"811","Populus grandidentata",1.73665135361827e-05
"812","Populus grandidentata",3.83188725192552e-05
"813","Populus grandidentata",-0.00165908475345346
"814","Populus grandidentata",-3.0718687642241e-06
"815","Populus grandidentata",-2.97140461017796e-06
"816","Populus grandidentata",0.000109436187137315
"817","Populus grandidentata",-4.42582005716199e-05
"818","Populus grandidentata",-9.30262350991699e-08
"819","Populus grandidentata",-1.56631638662717e-07
"820","Populus grandidentata",2.46024990346324e-07
"821","Populus grandidentata",1.00183178591978e-08
"822","Populus grandidentata",-1.74382855109335e-06
"823","Populus grandidentata",-6.29617234092446e-07
"824","Populus grandidentata",-1.38528801692499e-06
"825","Populus grandidentata",3.58656884009978e-08
"826","Populus grandidentata",3.88670377411657e-09
"827","Populus grandidentata",5.91548184751687e-08
"828","Fraxinus nigra",0.422135573416587
"829","Fraxinus nigra",-0.000281238098935175
"830","Fraxinus nigra",1.859236368179e-05
"831","Fraxinus nigra",-3.09440576614678e-05
"832","Fraxinus nigra",1.74732855825746e-05
"833","Fraxinus nigra",2.48667176571952e-05
"834","Fraxinus nigra",-0.00105533107650502
"835","Fraxinus nigra",1.33136903791663e-06
"836","Fraxinus nigra",-1.78939904254273e-06
"837","Fraxinus nigra",0.000144451410999896
"838","Fraxinus nigra",-0.0137993183079674
"839","Fraxinus nigra",-8.51817889896816e-07
"840","Fraxinus nigra",-9.70455428980676e-06
"841","Fraxinus nigra",2.99936904037343e-05
"842","Fraxinus nigra",0.000502387272340262
"843","Fraxinus nigra",0.00198860125088649
"844","Fraxinus nigra",3.49821217622659e-06
"845","Fraxinus nigra",4.86174805812669e-06
"846","Fraxinus nigra",1.78613042604412e-05
"847","Fraxinus nigra",-3.78896043760201e-05
"848","Fraxinus nigra",3.63077795200751e-05
"849","Fraxinus nigra",1.95096038306162e-06
"850","Fraxinus nigra",-8.28263707721578e-07
"851","Fraxinus nigra",-1.11806957587262e-06
"852","Fraxinus nigra",4.29407841450035e-07
"853","Fraxinus nigra",2.07020342774839e-07
"854","Fraxinus nigra",-1.8545025223795e-07
"855","Fraxinus nigra",6.64366692904923e-08
"856","Ulmus sp.",0.269179935830413
"857","Ulmus sp.",-0.000820564356872346
"858","Ulmus sp.",5.49226721887519e-05
"859","Ulmus sp.",-0.000828648133072108
"860","Ulmus sp.",4.41826644235096e-05
"861","Ulmus sp.",5.68755815549587e-05
"862","Ulmus sp.",-0.000824899482002803
"863","Ulmus sp.",-2.20850270640632e-05
"864","Ulmus sp.",-2.51386970310082e-05
"865","Ulmus sp.",0.000423740165898765
"866","Ulmus sp.",-0.00958858793645783
"867","Ulmus sp.",-6.44078982965295e-07
"868","Ulmus sp.",3.25249586070527e-06
"869","Ulmus sp.",-3.11799790543048e-05
"870","Ulmus sp.",0.000377243522213025
"871","Ulmus sp.",2.95472759352423e-05
"872","Ulmus sp.",-2.67608465487184e-06
"873","Ulmus sp.",-3.25036691520842e-06
"874","Ulmus sp.",1.21289325492711e-06
"875","Ulmus sp.",2.72132721146049e-07
"876","Ulmus sp.",2.24731775341534e-07
"877","Acer saccharinum",1.10400082635087
"878","Acer saccharinum",6.29632484181809e-05
"879","Acer saccharinum",7.72081125293343e-06
"880","Acer saccharinum",-8.21459587574491e-05
"881","Acer saccharinum",1.1114007532025e-05
"882","Acer saccharinum",3.02721280595927e-05
"883","Acer saccharinum",0.00293711093481662
"884","Acer saccharinum",-7.02867723333195e-06
"885","Acer saccharinum",-4.66672667684893e-05
"886","Acer saccharinum",0.00197350212389066
"887","Acer saccharinum",-0.0444512707679529
"888","Acer saccharinum",-1.26981868787214e-05
"889","Acer saccharinum",-1.30670991084048e-05
"890","Acer saccharinum",-0.000328263317759436
"891","Acer saccharinum",0.00192253150089725
"892","Acer saccharinum",-0.000395194316088504
"893","Acer saccharinum",-1.19462837345931e-07
"894","Acer saccharinum",-1.03618904914042e-07
"895","Acer saccharinum",-1.38566582940702e-05
"896","Acer saccharinum",1.18260734421098e-05
"897","Acer saccharinum",8.13709756993558e-07
"898","Acer saccharinum",-0.005894762686485
"899","Acer saccharinum",-3.30905164422693e-06
"900","Acer saccharinum",-1.47012983315229e-06
"901","Acer saccharinum",-0.00013816191181617
"902","Acer saccharinum",0.000204031859045996
"903","Acer saccharinum",6.48887996722631e-06
"904","Acer saccharinum",7.17606719063864e-05
"905","Acer saccharinum",-7.27766453364486e-08
"906","Acer saccharinum",-2.25059171675564e-07
"907","Acer saccharinum",-7.36027548248579e-07
"908","Acer saccharinum",8.98907072786147e-07
"909","Acer saccharinum",6.46640389049363e-07
"910","Acer saccharinum",-1.6647342439716e-08
"911","Acer saccharinum",-2.45872615857356e-07
"912","Acer saccharinum",3.10194044899839e-08
"913","Fraxinus pennsylvanica",0.607055069878896
"914","Fraxinus pennsylvanica",0.000301675320083046
"915","Fraxinus pennsylvanica",2.76730854359227e-05
"916","Fraxinus pennsylvanica",0.00011605644990086
"917","Fraxinus pennsylvanica",2.54543739895513e-05
"918","Fraxinus pennsylvanica",4.07400793043286e-05
"919","Fraxinus pennsylvanica",0.00351167346783411
"920","Fraxinus pennsylvanica",-6.37546607424003e-05
"921","Fraxinus pennsylvanica",-7.24369844265352e-05
"922","Fraxinus pennsylvanica",0.00196581700926675
"923","Fraxinus pennsylvanica",-0.00686916319608837
"924","Fraxinus pennsylvanica",-2.46496205346106e-06
"925","Fraxinus pennsylvanica",2.12268326527353e-06
"926","Fraxinus pennsylvanica",0.00199623137152486
"927","Fraxinus pennsylvanica",0.011969855095887
"928","Fraxinus pennsylvanica",-0.0327245374800701
"929","Fraxinus pennsylvanica",-2.17599768440746e-05
"930","Fraxinus pennsylvanica",-4.45506026482072e-06
"931","Fraxinus pennsylvanica",-0.000744889245251248
"932","Fraxinus pennsylvanica",-0.00043268597747533
"933","Fraxinus pennsylvanica",0.00233553109988617
"934","Fraxinus pennsylvanica",0.0232504960159718
"935","Fraxinus pennsylvanica",-1.07687162413521e-05
"936","Fraxinus pennsylvanica",-4.15576999725509e-05
"937","Fraxinus pennsylvanica",0.00114686253472897
"938","Fraxinus pennsylvanica",0.00164238876372066
"939","Fraxinus pennsylvanica",-0.00258767284432316
"940","Fraxinus pennsylvanica",0.00421349088409125
"941","Fraxinus pennsylvanica",-2.46384538064697e-05
"942","Fraxinus pennsylvanica",-1.10593470679319e-06
"943","Fraxinus pennsylvanica",-1.58511484204061e-06
"944","Fraxinus pennsylvanica",1.47574433104186e-07
"945","Fraxinus pennsylvanica",-2.77567406970465e-06
"946","Fraxinus pennsylvanica",1.82081280554096e-06
"947","Fraxinus pennsylvanica",-7.0930740888207e-08
"948","Fraxinus pennsylvanica",7.96080725795813e-08
"949","Juglans sp.",0.024416608771846
"950","Juglans sp.",-7.93121828675994e-05
"951","Juglans sp.",4.56635003971733e-05
"952","Juglans sp.",-0.000193494661297943
"953","Juglans sp.",5.13352906807974e-05
"954","Juglans sp.",0.000127116448945642
"955","Juglans sp.",4.37191647921995e-05
"956","Juglans sp.",-7.66183207335647e-05
"957","Juglans sp.",-7.27997342912967e-05
"958","Juglans sp.",0.00152620701798581
"959","Juglans sp.",-0.000103029111377416
"960","Juglans sp.",-3.73099334903328e-06
"961","Juglans sp.",-5.21571890661846e-06
"962","Juglans sp.",-3.103060134258e-05
"963","Juglans sp.",2.02904131310621e-06
"964","Juglans sp.",6.56375279960017e-06
"965","Juglans sp.",-1.77430191420816e-06
"966","Juglans sp.",-4.81852828677394e-06
"967","Juglans sp.",3.04287906275198e-06
"968","Juglans sp.",7.58803287009245e-08
"969","Juglans sp.",2.50292022574427e-07
"970","Prunus pensylvanica",0.0905668452389099
"971","Prunus pensylvanica",-0.00190209490550345
"972","Prunus pensylvanica",0.000377473106193837
"973","Prunus pensylvanica",-0.00251674946861157
"974","Prunus pensylvanica",0.000523866111166897
"975","Prunus pensylvanica",0.00109677140508639
"976","Prunus pensylvanica",-0.00232225835999633
"977","Prunus pensylvanica",-1.89694961375114e-05
"978","Prunus pensylvanica",0.000138161402175036
"979","Prunus pensylvanica",0.00103847599110783
"980","Prunus pensylvanica",0.00323628561282065
"981","Prunus pensylvanica",0.00015920195082454
"982","Prunus pensylvanica",0.000204667091522987
"983","Prunus pensylvanica",-2.13970199914221e-05
"984","Prunus pensylvanica",0.000319730996735088
"985","Prunus pensylvanica",0.000198090626253258
"986","Prunus pensylvanica",-4.58299195913565e-05
"987","Prunus pensylvanica",-0.000101295313737532
"988","Prunus pensylvanica",-2.07422021771639e-05
"989","Prunus pensylvanica",-1.60794870559257e-05
"990","Prunus pensylvanica",9.90460073729805e-06
"991","Acer pensylvanicum",1.40152812752216
"992","Acer pensylvanicum",-0.00567796920812953
"993","Acer pensylvanicum",0.00516988492077389
"994","Acer pensylvanicum",-0.00190068127797705
"995","Acer pensylvanicum",0.00219300926249324
"996","Acer pensylvanicum",0.00102973911585367
"997","Acer pensylvanicum",-0.00107363409938786
"998","Acer pensylvanicum",0.00023950153484077
"999","Acer pensylvanicum",9.63397291632186e-05
"1000","Acer pensylvanicum",0.000190223839265271
"1001","Acer pensylvanicum",-0.0139690174635145
"1002","Acer pensylvanicum",-0.000598814957694953
"1003","Acer pensylvanicum",-0.000267050689034906
"1004","Acer pensylvanicum",-3.01143851006593e-05
"1005","Acer pensylvanicum",0.000224899968616227
"1006","Acer pensylvanicum",0.00659450013034827
"1007","Acer pensylvanicum",0.000278329940328171
"1008","Acer pensylvanicum",0.000178033303915952
"1009","Acer pensylvanicum",-0.000104670074001425
"1010","Acer pensylvanicum",-0.000105198738709964
"1011","Acer pensylvanicum",0.00595225090068098
"1012","Acer pensylvanicum",0.000139097073117444
"1013","Acer pensylvanicum",-0.000180938249386865
"1014","Acer pensylvanicum",-8.29780994416228e-05
"1015","Acer pensylvanicum",-6.12776120012282e-06
"1016","Acer pensylvanicum",2.16700805164959e-05
"1017","Acer pensylvanicum",-1.01597553062309e-05
"1018","Acer pensylvanicum",6.8374374735246e-06
"1019","Liriodendron tulipifera",2.30788069379479
"1020","Liriodendron tulipifera",-0.0128775512353288
"1021","Liriodendron tulipifera",0.000145992807838954
"1022","Liriodendron tulipifera",-0.0247893722201318
"1023","Liriodendron tulipifera",0.000284502040498393
"1024","Liriodendron tulipifera",0.000731548200987175
"1025","Liriodendron tulipifera",-0.240534791699916
"1026","Liriodendron tulipifera",0.000922019956976912
"1027","Liriodendron tulipifera",0.00155953398223597
"1028","Liriodendron tulipifera",0.0355317909533447
"1029","Liriodendron tulipifera",0.0248952879035659
"1030","Liriodendron tulipifera",-9.44165670002017e-05
"1031","Liriodendron tulipifera",-0.000165698028400321
"1032","Liriodendron tulipifera",-0.00142956814738935
"1033","Liriodendron tulipifera",0.000599393268470465
"1034","Liriodendron tulipifera",0.00043177686602316
"1035","Liriodendron tulipifera",-6.49457525910757e-06
"1036","Liriodendron tulipifera",-1.63942755452184e-05
"1037","Liriodendron tulipifera",-1.84952224356913e-05
"1038","Liriodendron tulipifera",2.85682783034378e-06
"1039","Liriodendron tulipifera",4.27856351685164e-07
